序号,收寄省,收寄市,寄达省,寄达市,线路,高德里程,四象限线路类型,线路类别,"特快标准
（T+N）","行业时效产品
80%时限水平（T+N)",特快标准对比行业80%邮件时限水平,特快标准对比行业时限众数,"快包标准
（T+N）","行业非时效产品
80%时限水平（T+N)",快包标准对比行业非时效80%邮件时限水平,快包标准对比行业时限众数,行业线路时限众数,特快经转节点数,行业经转节点数,经转次数差异,"特快专递样本量
（件）",特快主要轨迹,行业主要轨迹,"投递天数差
（特快-行业）","特快专递全程时限
（小时）","特快专递全程时限环比
（11月-10月）
（小时）","行业全程时限
（小时）","行业全程时限环比
（11月-10月）
（小时）",特快专递次日递率,"特快专递次日递率环比
（11月-10月）",行业次日递率,"行业次日递率环比
（11月-10月）","特快专递平均天数T+N
（天）","特快专递平均天数T+N环比
（11月-10月）
（天）","行业平均天数T+N
（天）","行业平均天数T+N环比
（11月-10月）
（天）","特快专递收寄时限
（小时）","特快专递收寄时限环比
（11月-10月）
（小时）","特快专递出口段时限
（小时）","特快专递出口段时限环比
（11月-10月）
（小时）","特快专递中转段时限
（小时）","特快专递中转段时限环比
（11月-10月）
（小时）","特快专递进口段时限
（小时）","特快专递进口段时限环比
（11月-10月）
（小时）","特快专递投递时限
（小时）","特快专递投递时限环比
（11月-10月）
（小时）","行业样本量
（件）","行业收寄时限
（小时）","行业出口段时限
（小时）","行业中转段时限
（小时）","行业进口段时限
（小时）","行业投递时限
（小时）","次日递率差
（排序时限）
（特快-行业）","国家邮政局
50重点城市",长三角,珠三角,环渤海,长珠互寄,东三省,中部四省,川渝,行业2025年9月日均业务量估算值（件）,邮政日均业务量,是否够量市场线路,,,,,,,,,,,,,,,,,,,,,,,,,,,,,,,,,,,,,,,,,,,,,,,,,,,,,,,,,,,,,,,,,,,,,,,,,,,,,,,,,,,,,,,,,,,,,,,,,,,,,,,,,,,,,,,,,,,,,,,,,,,,,,,,,,,,,,,,,,,,,,,,,,,,,,,,,,,,,,,,,,,,,,,,,,,,,,,,,,,,,,,,,,,,,,
1,江苏省,盐城市,山东省,东营市,盐城市东营市,564,-,省际,2,1,落后,落后,2,1,落后,落后,1,3.7 ,3.0 ,0.7 ,564,盐城市-济南市-东营市,盐城市-连云港市-滨州市-东营市,1.2 ,50.5 ,-0.7 ,24.6 ,-4.2 ,0.0%,-0.4%,100.0%,22.4%,T+2.2,0.0 ,T+1.0,-0.2 ,2.3 ,0.2 ,13.7 ,-1.1 ,8.3 ,-0.6 ,22.6 ,0.7 ,3.7 ,0.2 ,39,2.7 ,11.6 ,5.9 ,3.1 ,1.2 ,-100.0%,,,,,,,,,100,27,,,,,,,,,,,,,,,,,,,,,,,,,,,,,,,,,,,,,,,,,,,,,,,,,,,,,,,,,,,,,,,,,,,,,,,,,,,,,,,,,,,,,,,,,,,,,,,,,,,,,,,,,,,,,,,,,,,,,,,,,,,,,,,,,,,,,,,,,,,,,,,,,,,,,,,,,,,,,,,,,,,,,,,,,,,,,,,,,,,,,,,,,,,,,,,
2,江苏省,张家港市,山东省,枣庄市,张家港市枣庄市,579,-,省际,2,1,落后,落后,2,1,落后,落后,1,4.2 ,3.4 ,0.8 ,520,张家港市-无锡市-临沂市-枣庄市,张家港市-常熟市-连云港市-枣庄市,1.1 ,48.0 ,-2.5 ,23.4 ,-1.1 ,0.0%,0.0%,100.0%,7.1%,T+2.1,-0.1 ,T+1.0,-0.1 ,2.0 ,0.0 ,12.0 ,-2.2 ,8.2 ,-0.9 ,21.4 ,0.6 ,4.4 ,-0.1 ,53,2.5 ,13.1 ,3.9 ,2.1 ,1.8 ,-100.0%,,,,,,,,,100,18,,,,,,,,,,,,,,,,,,,,,,,,,,,,,,,,,,,,,,,,,,,,,,,,,,,,,,,,,,,,,,,,,,,,,,,,,,,,,,,,,,,,,,,,,,,,,,,,,,,,,,,,,,,,,,,,,,,,,,,,,,,,,,,,,,,,,,,,,,,,,,,,,,,,,,,,,,,,,,,,,,,,,,,,,,,,,,,,,,,,,,,,,,,,,,,
3,河南省,漯河市,山西省,晋城市,漯河市晋城市,291,-,省际,2,1,落后,落后,2,1,落后,落后,1,5.3 ,2.2 ,3.1 ,71,漯河市-郑州市-太原市-晋城市,漯河市-晋城市,1.0 ,48.9 ,0.1 ,19.6 ,-2.1 ,0.0%,0.0%,100.0%,0.0%,T+2.0,0.0 ,T+1.0,0.0 ,0.8 ,-0.4 ,9.7 ,-3.2 ,7.9 ,-0.2 ,24.9 ,2.3 ,5.5 ,1.6 ,144,3.1 ,3.9 ,4.8 ,4.7 ,3.1 ,-100.0%,,,,,,,,,200,2,,,,,,,,,,,,,,,,,,,,,,,,,,,,,,,,,,,,,,,,,,,,,,,,,,,,,,,,,,,,,,,,,,,,,,,,,,,,,,,,,,,,,,,,,,,,,,,,,,,,,,,,,,,,,,,,,,,,,,,,,,,,,,,,,,,,,,,,,,,,,,,,,,,,,,,,,,,,,,,,,,,,,,,,,,,,,,,,,,,,,,,,,,,,,,,
4,江苏省,淮安市,山东省,日照市,淮安市日照市,244,-,省际,2,1,落后,落后,2,1,落后,落后,1,3.8 ,3.0 ,0.8 ,405,淮安市-青岛市-日照市,淮安市-连云港市-日照市,1.1 ,49.2 ,2.7 ,20.4 ,-4.6 ,0.0%,-4.4%,100.0%,7.9%,T+2.1,0.1 ,T+1.0,-0.1 ,2.9 ,0.1 ,10.7 ,1.7 ,6.6 ,-0.2 ,24.9 ,0.6 ,4.1 ,0.6 ,101,2.2 ,10.8 ,2.9 ,2.6 ,1.9 ,-100.0%,,,,,,,,,300,15,,,,,,,,,,,,,,,,,,,,,,,,,,,,,,,,,,,,,,,,,,,,,,,,,,,,,,,,,,,,,,,,,,,,,,,,,,,,,,,,,,,,,,,,,,,,,,,,,,,,,,,,,,,,,,,,,,,,,,,,,,,,,,,,,,,,,,,,,,,,,,,,,,,,,,,,,,,,,,,,,,,,,,,,,,,,,,,,,,,,,,,,,,,,,,,
5,广西壮族自治区,来宾市,广东省,珠海市,来宾市珠海市,603,-,省际,2,1,落后,落后,2,1,落后,落后,1,4.1 ,3.2 ,0.9 ,35,来宾市-南宁市-中山市-珠海市,来宾市-柳州市-广州市-珠海市,1.4 ,55.6 ,,24.1 ,,0.0%,,100.0%,,T+2.4,,T+1.0,,3.5 ,,17.3 ,,9.2 ,,19.5 ,,6.1 ,,34,3.4 ,4.7 ,7.5 ,6.5 ,2.0 ,-100.0%,,,,,,,,,20,2,,,,,,,,,,,,,,,,,,,,,,,,,,,,,,,,,,,,,,,,,,,,,,,,,,,,,,,,,,,,,,,,,,,,,,,,,,,,,,,,,,,,,,,,,,,,,,,,,,,,,,,,,,,,,,,,,,,,,,,,,,,,,,,,,,,,,,,,,,,,,,,,,,,,,,,,,,,,,,,,,,,,,,,,,,,,,,,,,,,,,,,,,,,,,,,
6,黑龙江省,大庆市,辽宁省,抚顺市,大庆市抚顺市,635,-,省际,2,1,落后,落后,2,1,落后,落后,1,4.2 ,2.9 ,1.3 ,66,大庆市-哈尔滨市-沈阳市-抚顺市,大庆市-哈尔滨市-沈阳市-抚顺市,1.7 ,60.7 ,,24.8 ,,0.0%,,100.0%,,T+2.7,,T+1.0,,7.7 ,,13.3 ,,9.5 ,,24.8 ,,5.4 ,,39,2.2 ,7.4 ,8.3 ,5.0 ,1.9 ,-100.0%,,,,,,1,,,40,2,,,,,,,,,,,,,,,,,,,,,,,,,,,,,,,,,,,,,,,,,,,,,,,,,,,,,,,,,,,,,,,,,,,,,,,,,,,,,,,,,,,,,,,,,,,,,,,,,,,,,,,,,,,,,,,,,,,,,,,,,,,,,,,,,,,,,,,,,,,,,,,,,,,,,,,,,,,,,,,,,,,,,,,,,,,,,,,,,,,,,,,,,,,,,,,
7,河南省,信阳市,安徽省,宿州市,信阳市宿州市,473,-,省际,2,1,落后,落后,2,1,落后,落后,1,4.6 ,3.9 ,0.7 ,131,信阳市-驻马店市-合肥市-宿州市,信阳市-合肥市-宿州市,1.6 ,61.7 ,,24.9 ,,0.0%,,100.0%,,T+2.6,,T+1.0,,8.3 ,,18.1 ,,12.6 ,,19.7 ,,2.9 ,,32,1.8 ,6.9 ,4.5 ,10.3 ,1.5 ,-100.0%,,,,,,,,,100,8,,,,,,,,,,,,,,,,,,,,,,,,,,,,,,,,,,,,,,,,,,,,,,,,,,,,,,,,,,,,,,,,,,,,,,,,,,,,,,,,,,,,,,,,,,,,,,,,,,,,,,,,,,,,,,,,,,,,,,,,,,,,,,,,,,,,,,,,,,,,,,,,,,,,,,,,,,,,,,,,,,,,,,,,,,,,,,,,,,,,,,,,,,,,,,,
8,江苏省,连云港市,山东省,威海市,连云港市威海市,500,劣势线路,省际,2,1,落后,落后,2,1,落后,落后,1,3.6 ,2.8 ,0.8 ,551,连云港市-济南市-威海市,连云港市-潍坊市-威海市,1.1 ,49.1 ,0.3 ,27.1 ,-1.3 ,0.0%,0.0%,99.9%,10.9%,T+2.1,0.0 ,T+1.0,-0.1 ,1.8 ,0.1 ,10.6 ,0.5 ,6.1 ,-0.6 ,26.0 ,0.3 ,4.5 ,0.0 ,781,2.3 ,4.3 ,6.9 ,12.0 ,1.6 ,-99.9%,,,,,,,,,"1,100",48,1,,,,,,,,,,,,,,,,,,,,,,,,,,,,,,,,,,,,,,,,,,,,,,,,,,,,,,,,,,,,,,,,,,,,,,,,,,,,,,,,,,,,,,,,,,,,,,,,,,,,,,,,,,,,,,,,,,,,,,,,,,,,,,,,,,,,,,,,,,,,,,,,,,,,,,,,,,,,,,,,,,,,,,,,,,,,,,,,,,,,,,,,,,,,,,
9,江苏省,连云港市,山东省,日照市,连云港市日照市,118,-,省际,2,1,落后,落后,2,1,落后,落后,1,4.3 ,2.8 ,1.5 ,440,连云港市-济南市-青岛市-日照市,连云港市-潍坊市-日照市,1.2 ,51.4 ,-2.2 ,26.0 ,0.2 ,0.0%,0.0%,99.2%,1.6%,T+2.2,-0.1 ,T+1.0,0.0 ,1.5 ,-0.4 ,11.8 ,0.1 ,5.0 ,-1.1 ,28.8 ,-1.4 ,4.2 ,0.5 ,376,2.4 ,4.5 ,6.1 ,11.2 ,1.8 ,-99.2%,,,,,,,,,600,31,,,,,,,,,,,,,,,,,,,,,,,,,,,,,,,,,,,,,,,,,,,,,,,,,,,,,,,,,,,,,,,,,,,,,,,,,,,,,,,,,,,,,,,,,,,,,,,,,,,,,,,,,,,,,,,,,,,,,,,,,,,,,,,,,,,,,,,,,,,,,,,,,,,,,,,,,,,,,,,,,,,,,,,,,,,,,,,,,,,,,,,,,,,,,,,
10,河北省,秦皇岛市,辽宁省,葫芦岛市,秦皇岛市葫芦岛市,150,劣势线路,省际,2,1,落后,落后,2,1,落后,落后,1,4.0 ,2.5 ,1.5 ,"3,192",秦皇岛市-北京市-沈阳市-葫芦岛市,秦皇岛市-葫芦岛市,1.4 ,55.2 ,-0.8 ,22.6 ,-3.3 ,1.0%,-0.3%,100.0%,12.2%,T+2.4,0.0 ,T+1.0,-0.1 ,1.4 ,-0.2 ,4.1 ,-0.1 ,14.6 ,0.5 ,29.3 ,0.8 ,5.9 ,-1.7 ,42,2.4 ,6.3 ,5.2 ,6.5 ,2.2 ,-99.0%,,,,,,,,,100,118,1,,,,,,,,,,,,,,,,,,,,,,,,,,,,,,,,,,,,,,,,,,,,,,,,,,,,,,,,,,,,,,,,,,,,,,,,,,,,,,,,,,,,,,,,,,,,,,,,,,,,,,,,,,,,,,,,,,,,,,,,,,,,,,,,,,,,,,,,,,,,,,,,,,,,,,,,,,,,,,,,,,,,,,,,,,,,,,,,,,,,,,,,,,,,,,
11,安徽省,芜湖市,江苏省,盐城市,芜湖市盐城市,365,劣势线路,省际,1,1,持平,持平,2,1,落后,落后,1,3.3 ,2.2 ,1.1 ,"1,173",芜湖市-淮安市-盐城市,芜湖市-盐城市,1.3 ,51.5 ,8.9 ,23.6 ,-1.8 ,0.3%,-37.8%,98.7%,6.6%,T+2.3,0.5 ,T+1.0,-0.1 ,3.6 ,0.4 ,14.0 ,3.2 ,4.9 ,0.6 ,25.0 ,4.3 ,3.9 ,0.2 ,318,3.1 ,5.9 ,6.8 ,5.5 ,2.2 ,-98.4%,,1,,,,,,,500,71,1,,,,,,,,,,,,,,,,,,,,,,,,,,,,,,,,,,,,,,,,,,,,,,,,,,,,,,,,,,,,,,,,,,,,,,,,,,,,,,,,,,,,,,,,,,,,,,,,,,,,,,,,,,,,,,,,,,,,,,,,,,,,,,,,,,,,,,,,,,,,,,,,,,,,,,,,,,,,,,,,,,,,,,,,,,,,,,,,,,,,,,,,,,,,,,
12,安徽省,宿州市,山东省,日照市,宿州市日照市,404,-,省际,2,1,落后,落后,2,1,落后,落后,1,4.4 ,3.6 ,0.8 ,322,宿州市-济南市-青岛市-日照市,宿州市-徐州市-连云港市-日照市,1.4 ,56.6 ,-0.1 ,25.7 ,-3.3 ,0.0%,0.0%,98.4%,20.4%,T+2.5,0.0 ,T+1.0,-0.2 ,6.5 ,-1.0 ,8.8 ,-0.8 ,10.8 ,1.7 ,27.2 ,-0.2 ,3.4 ,0.3 ,62,2.2 ,5.0 ,9.8 ,7.1 ,1.6 ,-98.4%,,,,,,,,,100,11,,,,,,,,,,,,,,,,,,,,,,,,,,,,,,,,,,,,,,,,,,,,,,,,,,,,,,,,,,,,,,,,,,,,,,,,,,,,,,,,,,,,,,,,,,,,,,,,,,,,,,,,,,,,,,,,,,,,,,,,,,,,,,,,,,,,,,,,,,,,,,,,,,,,,,,,,,,,,,,,,,,,,,,,,,,,,,,,,,,,,,,,,,,,,,,
13,安徽省,安庆市,河南省,焦作市,安庆市焦作市,812,-,省际,1,1,持平,持平,2,1,落后,落后,1,4.0 ,4.2 ,-0.2 ,"1,664",安庆市-郑州市-焦作市,安庆市-合肥市-漯河市-焦作市,1.2 ,51.9 ,-1.1 ,28.2 ,-2.9 ,1.7%,-0.7%,100.0%,16.7%,T+2.2,0.0 ,T+1.0,-0.2 ,4.7 ,0.4 ,8.8 ,-0.8 ,13.0 ,-0.8 ,22.6 ,-0.1 ,2.8 ,0.1 ,32,4.1 ,8.7 ,6.6 ,7.4 ,1.4 ,-98.3%,,,,,,,,,200,58,,,,,,,,,,,,,,,,,,,,,,,,,,,,,,,,,,,,,,,,,,,,,,,,,,,,,,,,,,,,,,,,,,,,,,,,,,,,,,,,,,,,,,,,,,,,,,,,,,,,,,,,,,,,,,,,,,,,,,,,,,,,,,,,,,,,,,,,,,,,,,,,,,,,,,,,,,,,,,,,,,,,,,,,,,,,,,,,,,,,,,,,,,,,,,,
14,广东省,河源市,福建省,漳州市,河源市漳州市,446,-,省际,2,1,落后,落后,2,1,落后,落后,1,4.8 ,2.1 ,2.7 ,70,河源市-广州市-厦门市-漳州市,河源市-漳州市,1.3 ,54.8 ,0.0 ,27.8 ,-0.7 ,0.0%,0.0%,98.0%,9.4%,T+2.3,0.0 ,T+1.0,-0.1 ,3.6 ,-0.6 ,15.5 ,-2.1 ,7.5 ,0.7 ,23.3 ,1.0 ,5.0 ,1.1 ,51,3.9 ,12.4 ,7.1 ,3.1 ,1.4 ,-98.0%,,,,,,,,,100,3,,,,,,,,,,,,,,,,,,,,,,,,,,,,,,,,,,,,,,,,,,,,,,,,,,,,,,,,,,,,,,,,,,,,,,,,,,,,,,,,,,,,,,,,,,,,,,,,,,,,,,,,,,,,,,,,,,,,,,,,,,,,,,,,,,,,,,,,,,,,,,,,,,,,,,,,,,,,,,,,,,,,,,,,,,,,,,,,,,,,,,,,,,,,,,,
15,辽宁省,朝阳市,吉林省,辽源市,朝阳市辽源市,470,-,省际,1,1,持平,持平,2,1,落后,落后,1,3.8 ,3.2 ,0.5 ,200,朝阳市-锦州市-长春市-辽源市,朝阳市-沈阳市-辽源市,1.5 ,54.2 ,-1.6 ,23.6 ,-0.6 ,2.5%,-14.3%,100.0%,0.0%,T+2.5,0.0 ,T+1.0,0.0 ,6.3 ,-0.9 ,15.6 ,-6.7 ,10.4 ,1.0 ,19.0 ,5.0 ,2.9 ,0.0 ,31,1.5 ,13.3 ,4.7 ,2.9 ,1.3 ,-97.5%,,,,,,1,,,20,7,,,,,,,,,,,,,,,,,,,,,,,,,,,,,,,,,,,,,,,,,,,,,,,,,,,,,,,,,,,,,,,,,,,,,,,,,,,,,,,,,,,,,,,,,,,,,,,,,,,,,,,,,,,,,,,,,,,,,,,,,,,,,,,,,,,,,,,,,,,,,,,,,,,,,,,,,,,,,,,,,,,,,,,,,,,,,,,,,,,,,,,,,,,,,,,
16,江苏省,连云港市,山东省,潍坊市,连云港市潍坊市,270,劣势线路,省际,1,1,持平,持平,2,1,落后,落后,1,3.9 ,2.0 ,1.9 ,"1,829",连云港市-济南市-潍坊市,连云港市-潍坊市,1.1 ,47.9 ,-0.3 ,22.5 ,-0.1 ,2.5%,-0.1%,100.0%,1.3%,T+2.1,0.0 ,T+1.0,0.0 ,1.7 ,-0.2 ,11.3 ,1.5 ,5.8 ,-0.8 ,24.9 ,-0.6 ,4.3 ,-0.1 ,"1,589",2.2 ,4.7 ,6.4 ,6.8 ,2.3 ,-97.5%,,,,,,,,,"2,400",132,1,,,,,,,,,,,,,,,,,,,,,,,,,,,,,,,,,,,,,,,,,,,,,,,,,,,,,,,,,,,,,,,,,,,,,,,,,,,,,,,,,,,,,,,,,,,,,,,,,,,,,,,,,,,,,,,,,,,,,,,,,,,,,,,,,,,,,,,,,,,,,,,,,,,,,,,,,,,,,,,,,,,,,,,,,,,,,,,,,,,,,,,,,,,,,,
17,江苏省,连云港市,山东省,东营市,连云港市东营市,391,-,省际,2,1,落后,落后,2,1,落后,落后,1,3.6 ,2.8 ,0.8 ,239,连云港市-济南市-东营市,连云港市-潍坊市-滨州市-东营市,1.1 ,47.6 ,1.1 ,27.6 ,0.8 ,0.0%,0.0%,97.5%,-0.5%,T+2.1,0.0 ,T+1.0,0.0 ,1.6 ,-0.1 ,10.9 ,0.7 ,5.7 ,-0.5 ,25.8 ,1.5 ,3.6 ,-0.5 ,562,2.4 ,5.0 ,6.7 ,11.6 ,1.9 ,-97.5%,,,,,,,,,800,19,,,,,,,,,,,,,,,,,,,,,,,,,,,,,,,,,,,,,,,,,,,,,,,,,,,,,,,,,,,,,,,,,,,,,,,,,,,,,,,,,,,,,,,,,,,,,,,,,,,,,,,,,,,,,,,,,,,,,,,,,,,,,,,,,,,,,,,,,,,,,,,,,,,,,,,,,,,,,,,,,,,,,,,,,,,,,,,,,,,,,,,,,,,,,,,
18,宁夏回族自治区,银川市,陕西省,榆林市,银川市榆林市,412,劣势线路,省际,2,1,落后,落后,2,1,落后,落后,1,4.2 ,2.1 ,2.1 ,518,银川市-西安市-榆林市,银川市-榆林市,1.3 ,54.2 ,-0.1 ,22.0 ,-7.7 ,2.7%,1.7%,100.0%,31.6%,T+2.3,0.0 ,T+1.0,-0.3 ,1.9 ,0.1 ,8.5 ,-0.4 ,8.0 ,0.1 ,30.0 ,0.8 ,5.8 ,-0.7 ,33,2.5 ,7.4 ,5.7 ,3.7 ,2.7 ,-97.3%,,,,,,,,,200,20,1,,,,,,,,,,,,,,,,,,,,,,,,,,,,,,,,,,,,,,,,,,,,,,,,,,,,,,,,,,,,,,,,,,,,,,,,,,,,,,,,,,,,,,,,,,,,,,,,,,,,,,,,,,,,,,,,,,,,,,,,,,,,,,,,,,,,,,,,,,,,,,,,,,,,,,,,,,,,,,,,,,,,,,,,,,,,,,,,,,,,,,,,,,,,,,
19,安徽省,六安市,江西省,新余市,六安市新余市,574,-,省际,1,1,持平,持平,3,1,落后,落后,1,4.0 ,3.7 ,0.3 ,"1,583",六安市-合肥市-南昌市-新余市,六安市-合肥市-南昌市-宜春市-新余市,1.1 ,52.6 ,-1.3 ,26.8 ,-6.6 ,2.7%,2.3%,100.0%,26.7%,T+2.1,-0.1 ,T+1.0,-0.3 ,2.4 ,0.1 ,16.3 ,0.4 ,7.6 ,-0.5 ,21.6 ,-1.3 ,4.8 ,0.2 ,34,2.6 ,7.2 ,6.9 ,8.2 ,2.0 ,-97.3%,,,,,,,,,50,56,,,,,,,,,,,,,,,,,,,,,,,,,,,,,,,,,,,,,,,,,,,,,,,,,,,,,,,,,,,,,,,,,,,,,,,,,,,,,,,,,,,,,,,,,,,,,,,,,,,,,,,,,,,,,,,,,,,,,,,,,,,,,,,,,,,,,,,,,,,,,,,,,,,,,,,,,,,,,,,,,,,,,,,,,,,,,,,,,,,,,,,,,,,,,,,
20,广东省,湛江市,海南省,海口市,湛江市海口市,190,-,省际,2,1,落后,落后,2,1,落后,落后,1,3.1 ,2.2 ,0.9 ,"1,143",湛江市-海口市,湛江市-海口市,1.1 ,50.6 ,-5.8 ,25.4 ,-7.2 ,1.3%,0.0%,98.5%,30.9%,T+2.2,-0.2 ,T+1.0,-0.4 ,2.6 ,0.1 ,21.7 ,-4.7 ,9.1 ,-0.5 ,10.3 ,-0.5 ,6.9 ,-0.3 ,134,2.8 ,7.8 ,7.5 ,5.6 ,1.9 ,-97.2%,,,,,,,,,500,41,,,,,,,,,,,,,,,,,,,,,,,,,,,,,,,,,,,,,,,,,,,,,,,,,,,,,,,,,,,,,,,,,,,,,,,,,,,,,,,,,,,,,,,,,,,,,,,,,,,,,,,,,,,,,,,,,,,,,,,,,,,,,,,,,,,,,,,,,,,,,,,,,,,,,,,,,,,,,,,,,,,,,,,,,,,,,,,,,,,,,,,,,,,,,,,
21,河南省,信阳市,湖南省,岳阳市,信阳市岳阳市,410,-,省际,1,1,持平,持平,2,1,落后,落后,1,5.5 ,3.2 ,2.3 ,69,信阳市-驻马店市-长沙市-岳阳市,信阳市-武汉市-岳阳市,1.9 ,66.6 ,-1.6 ,23.1 ,-8.3 ,2.9%,1.0%,100.0%,27.9%,T+2.9,-0.1 ,T+1.0,-0.3 ,6.8 ,-1.5 ,20.7 ,-3.6 ,10.2 ,-1.4 ,25.9 ,6.1 ,3.0 ,-1.2 ,42,2.0 ,2.2 ,13.1 ,4.0 ,1.8 ,-97.1%,,,,,,,1,,100,4,,,,,,,,,,,,,,,,,,,,,,,,,,,,,,,,,,,,,,,,,,,,,,,,,,,,,,,,,,,,,,,,,,,,,,,,,,,,,,,,,,,,,,,,,,,,,,,,,,,,,,,,,,,,,,,,,,,,,,,,,,,,,,,,,,,,,,,,,,,,,,,,,,,,,,,,,,,,,,,,,,,,,,,,,,,,,,,,,,,,,,,,,,,,,,,
22,福建省,龙岩市,广东省,汕尾市,龙岩市汕尾市,423,-,省际,2,1,落后,落后,2,1,落后,落后,1,4.7 ,3.8 ,0.9 ,338,龙岩市-厦门市-南京市-广州市-汕尾市,龙岩市-厦门市-揭阳市-汕尾市,1.0 ,48.3 ,-2.2 ,27.7 ,-0.4 ,0.0%,0.0%,97.1%,-0.5%,T+2.1,0.0 ,T+1.0,0.0 ,1.8 ,0.0 ,8.6 ,-4.1 ,9.1 ,1.6 ,23.9 ,0.4 ,4.9 ,-0.1 ,35,3.8 ,9.5 ,4.5 ,7.7 ,2.2 ,-97.1%,,,,,,,,,100,15,,,,,,,,,,,,,,,,,,,,,,,,,,,,,,,,,,,,,,,,,,,,,,,,,,,,,,,,,,,,,,,,,,,,,,,,,,,,,,,,,,,,,,,,,,,,,,,,,,,,,,,,,,,,,,,,,,,,,,,,,,,,,,,,,,,,,,,,,,,,,,,,,,,,,,,,,,,,,,,,,,,,,,,,,,,,,,,,,,,,,,,,,,,,,,,
23,吉林省,松原市,辽宁省,大连市,松原市大连市,846,劣势线路,省际,1,1,持平,持平,2,1,落后,落后,1,3.4 ,3.1 ,0.3 ,540,松原市-哈尔滨市-大连市,松原市-长春市-大连市,1.3 ,53.8 ,-2.3 ,24.7 ,-1.1 ,0.9%,-1.3%,98.0%,1.5%,T+2.3,-0.1 ,T+1.0,0.0 ,6.4 ,-0.5 ,9.9 ,-0.8 ,14.8 ,4.2 ,18.3 ,-5.3 ,4.5 ,0.3 ,250,1.6 ,9.3 ,9.3 ,3.1 ,1.5 ,-97.1%,,,,,,1,,,300,27,1,,,,,,,,,,,,,,,,,,,,,,,,,,,,,,,,,,,,,,,,,,,,,,,,,,,,,,,,,,,,,,,,,,,,,,,,,,,,,,,,,,,,,,,,,,,,,,,,,,,,,,,,,,,,,,,,,,,,,,,,,,,,,,,,,,,,,,,,,,,,,,,,,,,,,,,,,,,,,,,,,,,,,,,,,,,,,,,,,,,,,,,,,,,,,,
24,湖北省,黄冈市,河南省,焦作市,黄冈市焦作市,661,-,省际,1,1,持平,持平,2,1,落后,落后,1,4.0 ,3.3 ,0.7 ,482,黄冈市-武汉市-洛阳市-焦作市,黄冈市-武汉市-漯河市-焦作市,1.5 ,58.1 ,2.1 ,26.3 ,-2.8 ,0.6%,0.6%,97.6%,15.4%,T+2.5,0.1 ,T+1.0,-0.2 ,7.3 ,1.2 ,19.1 ,0.3 ,9.4 ,-0.5 ,19.1 ,0.7 ,3.2 ,0.4 ,42,3.5 ,6.2 ,6.6 ,8.5 ,1.5 ,-97.0%,,,,,,,1,,100,23,,,,,,,,,,,,,,,,,,,,,,,,,,,,,,,,,,,,,,,,,,,,,,,,,,,,,,,,,,,,,,,,,,,,,,,,,,,,,,,,,,,,,,,,,,,,,,,,,,,,,,,,,,,,,,,,,,,,,,,,,,,,,,,,,,,,,,,,,,,,,,,,,,,,,,,,,,,,,,,,,,,,,,,,,,,,,,,,,,,,,,,,,,,,,,,
25,陕西省,咸阳市,山西省,运城市,咸阳市运城市,267,-,省际,2,1,落后,落后,2,1,落后,落后,1,4.2 ,2.2 ,2.0 ,149,咸阳市-西安市-侯马市-运城市,咸阳市-西安市-运城市,1.1 ,49.3 ,0.6 ,20.9 ,-2.8 ,1.3%,-3.5%,98.2%,6.8%,T+2.1,0.0 ,T+1.0,-0.1 ,2.6 ,1.0 ,12.9 ,-0.3 ,7.0 ,-0.1 ,21.6 ,1.0 ,5.3 ,-0.8 ,218,2.4 ,7.5 ,4.3 ,3.7 ,3.0 ,-96.9%,,,,,,,,,700,8,,,,,,,,,,,,,,,,,,,,,,,,,,,,,,,,,,,,,,,,,,,,,,,,,,,,,,,,,,,,,,,,,,,,,,,,,,,,,,,,,,,,,,,,,,,,,,,,,,,,,,,,,,,,,,,,,,,,,,,,,,,,,,,,,,,,,,,,,,,,,,,,,,,,,,,,,,,,,,,,,,,,,,,,,,,,,,,,,,,,,,,,,,,,,,,
26,安徽省,池州市,江苏省,连云港市,池州市连云港市,557,-,省际,2,1,落后,落后,2,1,落后,落后,1,4.8 ,2.4 ,2.4 ,688,池州市-芜湖市-南京市-连云港市,池州市-芜湖市-连云港市,1.1 ,52.3 ,-0.7 ,21.1 ,-1.7 ,3.2%,-3.7%,100.0%,2.6%,T+2.1,0.0 ,T+1.0,0.0 ,2.2 ,0.3 ,11.4 ,-0.4 ,4.2 ,0.6 ,31.2 ,-1.4 ,3.4 ,0.2 ,68,2.4 ,5.9 ,7.1 ,3.5 ,2.3 ,-96.8%,,1,,,,,,,100,25,,,,,,,,,,,,,,,,,,,,,,,,,,,,,,,,,,,,,,,,,,,,,,,,,,,,,,,,,,,,,,,,,,,,,,,,,,,,,,,,,,,,,,,,,,,,,,,,,,,,,,,,,,,,,,,,,,,,,,,,,,,,,,,,,,,,,,,,,,,,,,,,,,,,,,,,,,,,,,,,,,,,,,,,,,,,,,,,,,,,,,,,,,,,,,,
27,河南省,漯河市,山西省,长治市,漯河市长治市,375,劣势线路,省际,2,1,落后,落后,2,1,落后,落后,1,5.8 ,2.2 ,3.6 ,60,漯河市-郑州市-太原市-长治市,漯河市-长治市,1.0 ,47.7 ,-2.3 ,20.8 ,-1.3 ,3.3%,3.3%,100.0%,3.4%,T+2.0,0.0 ,T+1.0,0.0 ,1.0 ,-0.3 ,12.0 ,-1.4 ,8.4 ,0.4 ,22.3 ,-1.2 ,4.0 ,0.3 ,88,2.1 ,5.0 ,6.3 ,4.4 ,2.8 ,-96.7%,,,,,,,,,500,2,1,,,,,,,,,,,,,,,,,,,,,,,,,,,,,,,,,,,,,,,,,,,,,,,,,,,,,,,,,,,,,,,,,,,,,,,,,,,,,,,,,,,,,,,,,,,,,,,,,,,,,,,,,,,,,,,,,,,,,,,,,,,,,,,,,,,,,,,,,,,,,,,,,,,,,,,,,,,,,,,,,,,,,,,,,,,,,,,,,,,,,,,,,,,,,,
28,山东省,东营市,河北省,唐山市,东营市唐山市,385,-,省际,2,1,落后,落后,2,1,落后,落后,1,4.4 ,3.0 ,1.3 ,331,东营市-济南市-唐山市,东营市-滨州市-济南市-唐山市,1.2 ,51.2 ,-2.4 ,23.8 ,-13.1 ,3.3%,-0.6%,100.0%,49.3%,T+2.2,-0.1 ,T+1.0,-0.7 ,1.8 ,-0.2 ,13.5 ,0.6 ,7.7 ,-2.2 ,23.5 ,0.3 ,4.7 ,-0.8 ,44,2.0 ,11.2 ,6.4 ,2.6 ,1.6 ,-96.7%,,,,,,,,,100,12,,,,,,,,,,,,,,,,,,,,,,,,,,,,,,,,,,,,,,,,,,,,,,,,,,,,,,,,,,,,,,,,,,,,,,,,,,,,,,,,,,,,,,,,,,,,,,,,,,,,,,,,,,,,,,,,,,,,,,,,,,,,,,,,,,,,,,,,,,,,,,,,,,,,,,,,,,,,,,,,,,,,,,,,,,,,,,,,,,,,,,,,,,,,,,,
29,广东省,珠海市,广西壮族自治区,北海市,珠海市北海市,565,-,省际,2,1,落后,落后,2,1,落后,落后,1,5.0 ,3.0 ,2.0 ,"2,297",珠海市-深圳市-南京市-南宁市-北海市,珠海市-江门市-北海市,1.4 ,53.2 ,-2.3 ,24.4 ,-11.3 ,1.4%,1.0%,98.1%,41.6%,T+2.4,-0.1 ,T+1.0,-0.5 ,1.0 ,0.1 ,11.9 ,-4.1 ,11.2 ,-0.9 ,18.3 ,0.6 ,10.9 ,2.2 ,54,2.5 ,9.8 ,7.7 ,2.7 ,1.7 ,-96.7%,,,,,,,,,100,85,,,,,,,,,,,,,,,,,,,,,,,,,,,,,,,,,,,,,,,,,,,,,,,,,,,,,,,,,,,,,,,,,,,,,,,,,,,,,,,,,,,,,,,,,,,,,,,,,,,,,,,,,,,,,,,,,,,,,,,,,,,,,,,,,,,,,,,,,,,,,,,,,,,,,,,,,,,,,,,,,,,,,,,,,,,,,,,,,,,,,,,,,,,,,,,
30,辽宁省,朝阳市,河北省,张家口市,朝阳市张家口市,635,-,省际,2,1,落后,落后,2,1,落后,落后,1,4.7 ,4.0 ,0.7 ,72,朝阳市-锦州市-廊坊市-张家口市,朝阳市-锦州市-北京市-张家口市,2.1 ,73.7 ,7.3 ,26.0 ,-12.4 ,0.0%,-0.7%,96.7%,35.0%,T+3.1,0.3 ,T+1.0,-0.5 ,5.8 ,2.6 ,18.1 ,1.8 ,8.5 ,-4.5 ,33.4 ,4.5 ,7.9 ,2.8 ,30,1.8 ,7.2 ,13.0 ,2.3 ,1.8 ,-96.7%,,,,,,,,,30,3,,,,,,,,,,,,,,,,,,,,,,,,,,,,,,,,,,,,,,,,,,,,,,,,,,,,,,,,,,,,,,,,,,,,,,,,,,,,,,,,,,,,,,,,,,,,,,,,,,,,,,,,,,,,,,,,,,,,,,,,,,,,,,,,,,,,,,,,,,,,,,,,,,,,,,,,,,,,,,,,,,,,,,,,,,,,,,,,,,,,,,,,,,,,,,,
31,安徽省,池州市,江西省,抚州市,池州市抚州市,408,-,省际,1,1,持平,持平,2,1,落后,落后,1,3.6 ,4.1 ,-0.5 ,341,池州市-安庆市-鹰潭市-抚州市,池州市-芜湖市-南昌市-抚州市,1.2 ,52.9 ,-1.9 ,26.6 ,-0.6 ,1.8%,0.1%,98.2%,8.4%,T+2.3,-0.1 ,T+1.0,-0.1 ,2.5 ,0.4 ,15.5 ,-2.1 ,6.2 ,-0.8 ,26.6 ,0.3 ,2.2 ,0.3 ,55,2.9 ,6.9 ,7.2 ,8.1 ,1.5 ,-96.4%,,,,,,,,,100,12,,,,,,,,,,,,,,,,,,,,,,,,,,,,,,,,,,,,,,,,,,,,,,,,,,,,,,,,,,,,,,,,,,,,,,,,,,,,,,,,,,,,,,,,,,,,,,,,,,,,,,,,,,,,,,,,,,,,,,,,,,,,,,,,,,,,,,,,,,,,,,,,,,,,,,,,,,,,,,,,,,,,,,,,,,,,,,,,,,,,,,,,,,,,,,,
32,山西省,晋城市,河南省,安阳市,晋城市安阳市,244,-,省际,2,1,落后,落后,2,1,落后,落后,1,3.9 ,4.0 ,-0.1 ,"2,314",晋城市-太原市-郑州市-安阳市,晋城市-郑州市-安阳市,1.1 ,50.0 ,-1.4 ,26.8 ,-2.0 ,1.5%,0.2%,97.8%,13.0%,T+2.1,0.0 ,T+1.0,-0.1 ,5.1 ,0.0 ,14.1 ,-0.4 ,8.6 ,0.3 ,18.2 ,-1.0 ,4.0 ,-0.3 ,45,6.1 ,2.9 ,3.8 ,11.6 ,2.3 ,-96.3%,,,,,,,,,100,102,,,,,,,,,,,,,,,,,,,,,,,,,,,,,,,,,,,,,,,,,,,,,,,,,,,,,,,,,,,,,,,,,,,,,,,,,,,,,,,,,,,,,,,,,,,,,,,,,,,,,,,,,,,,,,,,,,,,,,,,,,,,,,,,,,,,,,,,,,,,,,,,,,,,,,,,,,,,,,,,,,,,,,,,,,,,,,,,,,,,,,,,,,,,,,,
33,江苏省,盐城市,山东省,日照市,盐城市日照市,319,-,省际,2,1,落后,落后,2,1,落后,落后,1,4.1 ,3.0 ,1.1 ,855,盐城市-济南市-青岛市-日照市,盐城市-连云港市-日照市,1.3 ,54.5 ,-1.4 ,21.3 ,-2.0 ,0.0%,-0.5%,96.3%,2.9%,T+2.3,0.0 ,T+1.0,0.0 ,2.4 ,0.0 ,15.8 ,1.2 ,7.1 ,-1.5 ,25.5 ,-1.0 ,3.8 ,0.0 ,54,2.5 ,10.7 ,2.9 ,3.2 ,2.0 ,-96.3%,,,,,,,,,100,38,,,,,,,,,,,,,,,,,,,,,,,,,,,,,,,,,,,,,,,,,,,,,,,,,,,,,,,,,,,,,,,,,,,,,,,,,,,,,,,,,,,,,,,,,,,,,,,,,,,,,,,,,,,,,,,,,,,,,,,,,,,,,,,,,,,,,,,,,,,,,,,,,,,,,,,,,,,,,,,,,,,,,,,,,,,,,,,,,,,,,,,,,,,,,,,
34,江苏省,扬州市,河南省,焦作市,扬州市焦作市,765,-,省际,1,1,持平,持平,2,1,落后,落后,1,4.0 ,3.1 ,0.9 ,"2,178",扬州市-郑州市-焦作市,扬州市-漯河市-焦作市,1.1 ,49.0 ,-1.6 ,28.3 ,-2.4 ,3.8%,1.0%,100.0%,15.4%,T+2.1,-0.1 ,T+1.0,-0.2 ,2.3 ,-0.1 ,14.4 ,0.2 ,11.9 ,-0.7 ,17.4 ,-0.9 ,3.1 ,0.0 ,103,3.2 ,7.8 ,8.2 ,7.7 ,1.4 ,-96.2%,,,,,,,,,200,80,,,,,,,,,,,,,,,,,,,,,,,,,,,,,,,,,,,,,,,,,,,,,,,,,,,,,,,,,,,,,,,,,,,,,,,,,,,,,,,,,,,,,,,,,,,,,,,,,,,,,,,,,,,,,,,,,,,,,,,,,,,,,,,,,,,,,,,,,,,,,,,,,,,,,,,,,,,,,,,,,,,,,,,,,,,,,,,,,,,,,,,,,,,,,,,
35,安徽省,池州市,山东省,临沂市,池州市临沂市,643,-,省际,2,1,落后,落后,2,1,落后,落后,1,4.1 ,2.8 ,1.3 ,"1,575",池州市-安庆市-济南市-临沂市,池州市-芜湖市-连云港市-临沂市,1.2 ,53.2 ,5.0 ,24.9 ,-0.2 ,0.4%,-7.5%,96.6%,8.1%,T+2.3,0.2 ,T+1.0,-0.1 ,3.0 ,0.5 ,15.8 ,-0.5 ,12.0 ,1.8 ,18.1 ,3.0 ,4.3 ,0.1 ,87,2.8 ,7.1 ,9.5 ,3.4 ,2.1 ,-96.2%,,,,,,,,,100,56,,,,,,,,,,,,,,,,,,,,,,,,,,,,,,,,,,,,,,,,,,,,,,,,,,,,,,,,,,,,,,,,,,,,,,,,,,,,,,,,,,,,,,,,,,,,,,,,,,,,,,,,,,,,,,,,,,,,,,,,,,,,,,,,,,,,,,,,,,,,,,,,,,,,,,,,,,,,,,,,,,,,,,,,,,,,,,,,,,,,,,,,,,,,,,,
36,江苏省,连云港市,河南省,焦作市,连云港市焦作市,641,-,省际,1,1,持平,持平,2,1,落后,落后,1,3.9 ,3.2 ,0.7 ,"1,476",连云港市-郑州市-焦作市,连云港市-郑州市-焦作市,1.0 ,48.8 ,1.2 ,30.0 ,0.8 ,1.0%,-0.1%,97.1%,0.7%,T+2.1,0.0 ,T+1.0,0.0 ,1.8 ,-0.1 ,9.3 ,0.6 ,9.9 ,-0.3 ,24.5 ,0.5 ,3.3 ,0.4 ,412,2.3 ,7.4 ,10.2 ,8.1 ,2.1 ,-96.1%,,,,,,,,,900,124,,,,,,,,,,,,,,,,,,,,,,,,,,,,,,,,,,,,,,,,,,,,,,,,,,,,,,,,,,,,,,,,,,,,,,,,,,,,,,,,,,,,,,,,,,,,,,,,,,,,,,,,,,,,,,,,,,,,,,,,,,,,,,,,,,,,,,,,,,,,,,,,,,,,,,,,,,,,,,,,,,,,,,,,,,,,,,,,,,,,,,,,,,,,,,,
37,辽宁省,营口市,吉林省,辽源市,营口市辽源市,408,-,省际,1,1,持平,持平,2,1,落后,落后,1,3.9 ,3.2 ,0.7 ,538,营口市-沈阳市-长春市-辽源市,营口市-沈阳市-辽源市,1.2 ,48.9 ,,21.5 ,,3.9%,,100.0%,,T+2.2,,T+1.0,,4.6 ,,15.7 ,,7.0 ,,18.5 ,,3.0 ,,34,1.7 ,10.3 ,4.7 ,2.6 ,2.3 ,-96.1%,,,,,,1,,,40,18,,,,,,,,,,,,,,,,,,,,,,,,,,,,,,,,,,,,,,,,,,,,,,,,,,,,,,,,,,,,,,,,,,,,,,,,,,,,,,,,,,,,,,,,,,,,,,,,,,,,,,,,,,,,,,,,,,,,,,,,,,,,,,,,,,,,,,,,,,,,,,,,,,,,,,,,,,,,,,,,,,,,,,,,,,,,,,,,,,,,,,,,,,,,,,,
38,辽宁省,锦州市,吉林省,辽源市,锦州市辽源市,442,-,省际,1,1,持平,持平,2,1,落后,落后,1,3.2 ,3.2 ,0.0 ,270,锦州市-长春市-辽源市,锦州市-盘锦市-沈阳市-辽源市,1.6 ,55.8 ,,25.3 ,,1.5%,,97.4%,,T+2.6,,T+1.0,,10.9 ,,13.3 ,,9.5 ,,19.1 ,,3.0 ,,38,2.3 ,11.2 ,5.0 ,3.5 ,3.3 ,-95.9%,,,,,,1,,,30,11,,,,,,,,,,,,,,,,,,,,,,,,,,,,,,,,,,,,,,,,,,,,,,,,,,,,,,,,,,,,,,,,,,,,,,,,,,,,,,,,,,,,,,,,,,,,,,,,,,,,,,,,,,,,,,,,,,,,,,,,,,,,,,,,,,,,,,,,,,,,,,,,,,,,,,,,,,,,,,,,,,,,,,,,,,,,,,,,,,,,,,,,,,,,,,,
39,辽宁省,盘锦市,河北省,秦皇岛市,盘锦市秦皇岛市,282,-,省际,2,1,落后,落后,2,1,落后,落后,1,4.8 ,3.0 ,1.8 ,98,盘锦市-廊坊市-秦皇岛市,盘锦市-沈阳市-秦皇岛市,1.5 ,58.2 ,-6.9 ,24.0 ,-2.0 ,4.1%,-1.8%,100.0%,8.4%,T+2.5,-0.2 ,T+1.0,-0.1 ,4.1 ,0.2 ,9.7 ,0.2 ,12.3 ,-4.0 ,25.3 ,-2.0 ,6.7 ,-1.5 ,116,2.3 ,10.0 ,7.1 ,3.2 ,1.4 ,-95.9%,,,,,,,,,400,3,,,,,,,,,,,,,,,,,,,,,,,,,,,,,,,,,,,,,,,,,,,,,,,,,,,,,,,,,,,,,,,,,,,,,,,,,,,,,,,,,,,,,,,,,,,,,,,,,,,,,,,,,,,,,,,,,,,,,,,,,,,,,,,,,,,,,,,,,,,,,,,,,,,,,,,,,,,,,,,,,,,,,,,,,,,,,,,,,,,,,,,,,,,,,,,
40,吉林省,白城市,辽宁省,大连市,白城市大连市,1000,劣势线路,省际,2,1,落后,落后,2,1,落后,落后,1,4.1 ,3.3 ,0.8 ,87,白城市-长春市-沈阳市-大连市,白城市-长春市-大连市,1.4 ,60.8 ,-5.0 ,26.5 ,-2.2 ,1.2%,1.2%,97.1%,8.1%,T+2.5,-0.2 ,T+1.0,-0.1 ,3.3 ,-0.4 ,23.4 ,2.6 ,4.9 ,-0.5 ,23.1 ,-5.9 ,6.2 ,-0.7 ,104,1.5 ,11.4 ,9.4 ,3.0 ,1.2 ,-95.9%,,,,,,1,,,200,6,1,,,,,,,,,,,,,,,,,,,,,,,,,,,,,,,,,,,,,,,,,,,,,,,,,,,,,,,,,,,,,,,,,,,,,,,,,,,,,,,,,,,,,,,,,,,,,,,,,,,,,,,,,,,,,,,,,,,,,,,,,,,,,,,,,,,,,,,,,,,,,,,,,,,,,,,,,,,,,,,,,,,,,,,,,,,,,,,,,,,,,,,,,,,,,,
41,湖北省,黄石市,河南省,郑州市,黄石市郑州市,618,劣势线路,省际,1,1,持平,持平,2,1,落后,落后,1,3.3 ,2.6 ,0.6 ,"14,786",黄石市-武汉市-郑州市,黄石市-鄂州市-郑州市,1.1 ,46.2 ,-0.4 ,26.1 ,-1.6 ,0.2%,-1.0%,96.0%,3.7%,T+2.1,0.0 ,T+1.0,-0.1 ,1.7 ,0.1 ,11.6 ,0.0 ,8.7 ,-0.1 ,16.4 ,0.2 ,8.0 ,-0.6 ,124,4.3 ,6.6 ,7.9 ,4.2 ,3.2 ,-95.8%,,,,,,,1,,300,533,1,,,,,,,,,,,,,,,,,,,,,,,,,,,,,,,,,,,,,,,,,,,,,,,,,,,,,,,,,,,,,,,,,,,,,,,,,,,,,,,,,,,,,,,,,,,,,,,,,,,,,,,,,,,,,,,,,,,,,,,,,,,,,,,,,,,,,,,,,,,,,,,,,,,,,,,,,,,,,,,,,,,,,,,,,,,,,,,,,,,,,,,,,,,,,,
42,安徽省,池州市,江苏省,盐城市,池州市盐城市,499,-,省际,2,1,落后,落后,2,1,落后,落后,1,4.6 ,2.4 ,2.2 ,310,池州市-芜湖市-淮安市-盐城市,池州市-芜湖市-盐城市,1.1 ,49.5 ,3.1 ,23.7 ,-0.2 ,0.7%,-20.3%,96.3%,-1.2%,T+2.1,0.2 ,T+1.0,0.0 ,2.3 ,0.0 ,11.9 ,-0.2 ,4.6 ,0.5 ,27.3 ,2.6 ,3.3 ,0.1 ,161,2.4 ,6.7 ,6.8 ,5.3 ,2.5 ,-95.6%,,1,,,,,,,200,12,,,,,,,,,,,,,,,,,,,,,,,,,,,,,,,,,,,,,,,,,,,,,,,,,,,,,,,,,,,,,,,,,,,,,,,,,,,,,,,,,,,,,,,,,,,,,,,,,,,,,,,,,,,,,,,,,,,,,,,,,,,,,,,,,,,,,,,,,,,,,,,,,,,,,,,,,,,,,,,,,,,,,,,,,,,,,,,,,,,,,,,,,,,,,,,
43,安徽省,池州市,江苏省,徐州市,池州市徐州市,538,-,省际,2,1,落后,落后,2,1,落后,落后,1,5.0 ,2.4 ,2.6 ,"1,404",池州市-芜湖市-淮安市-徐州市,池州市-芜湖市-徐州市,1.1 ,52.2 ,2.3 ,22.6 ,-1.3 ,3.3%,-10.5%,98.8%,1.3%,T+2.1,0.1 ,T+1.0,0.0 ,2.5 ,0.3 ,11.3 ,-0.4 ,4.6 ,0.1 ,28.4 ,1.3 ,5.5 ,1.1 ,162,3.0 ,6.8 ,7.2 ,3.4 ,2.2 ,-95.5%,,1,,,,,,,200,49,,,,,,,,,,,,,,,,,,,,,,,,,,,,,,,,,,,,,,,,,,,,,,,,,,,,,,,,,,,,,,,,,,,,,,,,,,,,,,,,,,,,,,,,,,,,,,,,,,,,,,,,,,,,,,,,,,,,,,,,,,,,,,,,,,,,,,,,,,,,,,,,,,,,,,,,,,,,,,,,,,,,,,,,,,,,,,,,,,,,,,,,,,,,,,,
44,江苏省,泰州市,湖北省,仙桃市,泰州市仙桃市,801,-,省际,-,1,-,-,2,1,落后,落后,1,3.7 ,3.7 ,0.0 ,"1,251",泰州市-武汉市-仙桃市,泰州市-镇江市-武汉市-仙桃市,1.0 ,49.6 ,2.5 ,28.9 ,-6.1 ,3.7%,-6.6%,99.1%,37.7%,T+2.0,0.1 ,T+1.0,-0.4 ,2.4 ,-0.1 ,10.8 ,0.2 ,13.4 ,3.0 ,19.7 ,-0.8 ,3.3 ,0.1 ,113,3.6 ,6.4 ,9.4 ,7.5 ,2.1 ,-95.4%,,,,,,,,,200,46,,,,,,,,,,,,,,,,,,,,,,,,,,,,,,,,,,,,,,,,,,,,,,,,,,,,,,,,,,,,,,,,,,,,,,,,,,,,,,,,,,,,,,,,,,,,,,,,,,,,,,,,,,,,,,,,,,,,,,,,,,,,,,,,,,,,,,,,,,,,,,,,,,,,,,,,,,,,,,,,,,,,,,,,,,,,,,,,,,,,,,,,,,,,,,,
45,辽宁省,营口市,天津市,天津市,营口市天津市,610,劣势线路,省际,2,1,落后,落后,2,1,落后,落后,1,3.1 ,2.9 ,0.2 ,"3,930",营口市-沈阳市-天津市,营口市-锦州市-天津市,1.4 ,57.7 ,-5.8 ,25.9 ,-4.2 ,1.7%,-0.2%,97.0%,14.9%,T+2.4,-0.3 ,T+1.0,-0.2 ,4.5 ,-0.1 ,18.0 ,0.5 ,12.2 ,-6.9 ,12.0 ,-0.3 ,11.0 ,0.9 ,298,1.7 ,11.2 ,8.2 ,2.7 ,2.2 ,-95.3%,,,,,,,,,"1,500",143,1,,,,,,,,,,,,,,,,,,,,,,,,,,,,,,,,,,,,,,,,,,,,,,,,,,,,,,,,,,,,,,,,,,,,,,,,,,,,,,,,,,,,,,,,,,,,,,,,,,,,,,,,,,,,,,,,,,,,,,,,,,,,,,,,,,,,,,,,,,,,,,,,,,,,,,,,,,,,,,,,,,,,,,,,,,,,,,,,,,,,,,,,,,,,,,
46,吉林省,通化市,河北省,唐山市,通化市唐山市,803,-,省际,1,1,持平,持平,2,1,落后,落后,1,4.6 ,3.0 ,1.6 ,196,通化市-沈阳市-廊坊市-唐山市,通化市-沈阳市-唐山市,1.7 ,62.9 ,-1.2 ,26.6 ,-1.4 ,3.6%,0.6%,98.9%,5.4%,T+2.7,-0.1 ,T+1.0,-0.1 ,1.9 ,0.5 ,12.5 ,2.0 ,23.6 ,-4.0 ,19.7 ,0.5 ,5.1 ,-0.3 ,89,2.4 ,1.7 ,17.0 ,4.1 ,1.3 ,-95.3%,,,,,,,,,200,8,,,,,,,,,,,,,,,,,,,,,,,,,,,,,,,,,,,,,,,,,,,,,,,,,,,,,,,,,,,,,,,,,,,,,,,,,,,,,,,,,,,,,,,,,,,,,,,,,,,,,,,,,,,,,,,,,,,,,,,,,,,,,,,,,,,,,,,,,,,,,,,,,,,,,,,,,,,,,,,,,,,,,,,,,,,,,,,,,,,,,,,,,,,,,,,
47,江苏省,连云港市,河南省,鹤壁市,连云港市鹤壁市,590,-,省际,2,1,落后,落后,2,1,落后,落后,1,3.9 ,3.1 ,0.8 ,156,连云港市-郑州市-鹤壁市,连云港市-郑州市-安阳市-鹤壁市,1.0 ,46.5 ,-1.3 ,30.4 ,0.5 ,0.0%,0.0%,95.3%,2.2%,T+2.0,-0.1 ,T+1.1,0.0 ,1.8 ,-0.8 ,9.0 ,-0.1 ,9.9 ,0.1 ,21.5 ,0.6 ,4.3 ,-1.1 ,148,2.3 ,7.4 ,10.1 ,8.6 ,1.9 ,-95.3%,,,,,,,,,100,11,,,,,,,,,,,,,,,,,,,,,,,,,,,,,,,,,,,,,,,,,,,,,,,,,,,,,,,,,,,,,,,,,,,,,,,,,,,,,,,,,,,,,,,,,,,,,,,,,,,,,,,,,,,,,,,,,,,,,,,,,,,,,,,,,,,,,,,,,,,,,,,,,,,,,,,,,,,,,,,,,,,,,,,,,,,,,,,,,,,,,,,,,,,,,,,
48,黑龙江省,大庆市,辽宁省,铁岭市,大庆市铁岭市,578,-,省际,2,1,落后,落后,2,1,落后,落后,1,4.3 ,2.9 ,1.4 ,123,大庆市-哈尔滨市-沈阳市-铁岭市,大庆市-哈尔滨市-沈阳市-铁岭市,1.4 ,56.4 ,,26.1 ,,0.0%,,95.2%,,T+2.4,,T+1.1,,6.9 ,,11.9 ,,9.7 ,,22.8 ,,5.2 ,,62,2.3 ,7.0 ,8.2 ,5.6 ,3.1 ,-95.2%,,,,,,1,,,100,5,,,,,,,,,,,,,,,,,,,,,,,,,,,,,,,,,,,,,,,,,,,,,,,,,,,,,,,,,,,,,,,,,,,,,,,,,,,,,,,,,,,,,,,,,,,,,,,,,,,,,,,,,,,,,,,,,,,,,,,,,,,,,,,,,,,,,,,,,,,,,,,,,,,,,,,,,,,,,,,,,,,,,,,,,,,,,,,,,,,,,,,,,,,,,,,
49,广西壮族自治区,防城港市,广东省,中山市,防城港市中山市,660,-,省际,2,1,落后,落后,2,1,落后,落后,1,3.1 ,2.7 ,0.4 ,411,防城港市-南宁市-中山市,防城港市-南宁市-中山市,1.2 ,52.4 ,1.3 ,24.0 ,-4.7 ,1.2%,0.0%,96.3%,19.5%,T+2.3,0.1 ,T+1.0,-0.2 ,4.6 ,-0.1 ,17.6 ,1.5 ,9.5 ,-0.3 ,16.0 ,0.3 ,4.7 ,-0.2 ,54,3.0 ,4.7 ,8.2 ,6.1 ,2.0 ,-95.1%,,,,,,,,,200,18,,,,,,,,,,,,,,,,,,,,,,,,,,,,,,,,,,,,,,,,,,,,,,,,,,,,,,,,,,,,,,,,,,,,,,,,,,,,,,,,,,,,,,,,,,,,,,,,,,,,,,,,,,,,,,,,,,,,,,,,,,,,,,,,,,,,,,,,,,,,,,,,,,,,,,,,,,,,,,,,,,,,,,,,,,,,,,,,,,,,,,,,,,,,,,,
50,江苏省,连云港市,山东省,滨州市,连云港市滨州市,404,-,省际,1,1,持平,持平,2,1,落后,落后,1,3.9 ,2.8 ,1.1 ,535,连云港市-济南市-滨州市,连云港市-潍坊市-滨州市,1.1 ,49.1 ,2.4 ,27.5 ,0.2 ,0.9%,-1.7%,95.9%,3.9%,T+2.1,0.1 ,T+1.0,0.0 ,1.7 ,0.2 ,10.4 ,0.7 ,6.4 ,-0.4 ,26.3 ,1.1 ,4.3 ,0.8 ,492,2.3 ,5.1 ,6.7 ,11.1 ,2.3 ,-95.0%,,,,,,,,,800,38,,,,,,,,,,,,,,,,,,,,,,,,,,,,,,,,,,,,,,,,,,,,,,,,,,,,,,,,,,,,,,,,,,,,,,,,,,,,,,,,,,,,,,,,,,,,,,,,,,,,,,,,,,,,,,,,,,,,,,,,,,,,,,,,,,,,,,,,,,,,,,,,,,,,,,,,,,,,,,,,,,,,,,,,,,,,,,,,,,,,,,,,,,,,,,,
51,辽宁省,盘锦市,河北省,张家口市,盘锦市张家口市,760,-,省际,2,1,落后,落后,2,1,落后,落后,1,4.5 ,3.0 ,1.5 ,81,盘锦市-廊坊市-张家口市,盘锦市-北京市-张家口市,1.7 ,65.3 ,-1.9 ,26.6 ,-6.5 ,0.0%,0.0%,95.0%,30.1%,T+2.7,-0.1 ,T+1.1,-0.3 ,4.2 ,-1.2 ,10.1 ,1.5 ,11.4 ,-6.1 ,31.5 ,2.4 ,8.1 ,1.5 ,139,2.2 ,3.8 ,14.7 ,4.0 ,2.0 ,-95.0%,,,,,,,,,500,3,,,,,,,,,,,,,,,,,,,,,,,,,,,,,,,,,,,,,,,,,,,,,,,,,,,,,,,,,,,,,,,,,,,,,,,,,,,,,,,,,,,,,,,,,,,,,,,,,,,,,,,,,,,,,,,,,,,,,,,,,,,,,,,,,,,,,,,,,,,,,,,,,,,,,,,,,,,,,,,,,,,,,,,,,,,,,,,,,,,,,,,,,,,,,,,
52,辽宁省,盘锦市,吉林省,辽源市,盘锦市辽源市,390,-,省际,1,1,持平,持平,2,1,落后,落后,1,4.0 ,3.1 ,0.9 ,219,盘锦市-沈阳市-长春市-辽源市,盘锦市-沈阳市-辽源市,1.2 ,49.7 ,1.3 ,21.0 ,-0.1 ,5.0%,-7.3%,100.0%,0.8%,T+2.2,0.1 ,T+1.0,0.0 ,7.1 ,1.5 ,13.9 ,-4.3 ,7.4 ,-0.4 ,18.5 ,4.0 ,2.8 ,0.5 ,67,2.5 ,8.3 ,4.6 ,3.1 ,2.5 ,-95.0%,,,,,,1,,,200,8,,,,,,,,,,,,,,,,,,,,,,,,,,,,,,,,,,,,,,,,,,,,,,,,,,,,,,,,,,,,,,,,,,,,,,,,,,,,,,,,,,,,,,,,,,,,,,,,,,,,,,,,,,,,,,,,,,,,,,,,,,,,,,,,,,,,,,,,,,,,,,,,,,,,,,,,,,,,,,,,,,,,,,,,,,,,,,,,,,,,,,,,,,,,,,,
53,河南省,信阳市,河北省,邯郸市,信阳市邯郸市,550,-,省际,1,1,持平,持平,2,1,落后,落后,1,5.1 ,3.2 ,1.9 ,198,信阳市-驻马店市-石家庄市-邯郸市,信阳市-郑州市-邯郸市,1.7 ,64.5 ,-3.6 ,24.8 ,0.2 ,1.5%,0.3%,96.4%,-1.3%,T+2.7,-0.2 ,T+1.0,0.0 ,7.8 ,-0.4 ,17.6 ,-1.9 ,10.3 ,-0.1 ,22.8 ,-0.5 ,6.2 ,-0.6 ,55,1.7 ,10.8 ,4.9 ,4.6 ,2.7 ,-94.9%,,,,,,,,,100,12,,,,,,,,,,,,,,,,,,,,,,,,,,,,,,,,,,,,,,,,,,,,,,,,,,,,,,,,,,,,,,,,,,,,,,,,,,,,,,,,,,,,,,,,,,,,,,,,,,,,,,,,,,,,,,,,,,,,,,,,,,,,,,,,,,,,,,,,,,,,,,,,,,,,,,,,,,,,,,,,,,,,,,,,,,,,,,,,,,,,,,,,,,,,,,,
54,湖北省,鄂州市,河南省,郑州市,鄂州市郑州市,592,劣势线路,省际,1,1,持平,持平,2,1,落后,落后,1,3.1 ,2.3 ,0.8 ,684,鄂州市-武汉市-郑州市,鄂州市-武汉市-郑州市,1.3 ,54.1 ,-0.5 ,24.3 ,-1.7 ,0.0%,-0.2%,94.9%,7.2%,T+2.4,0.0 ,T+1.1,-0.1 ,8.0 ,0.0 ,15.1 ,-1.4 ,9.1 ,-0.4 ,16.0 ,0.8 ,5.9 ,0.5 ,780,3.8 ,6.5 ,6.8 ,4.0 ,3.2 ,-94.9%,1,,,,,,1,,"7,900",23,1,,,,,,,,,,,,,,,,,,,,,,,,,,,,,,,,,,,,,,,,,,,,,,,,,,,,,,,,,,,,,,,,,,,,,,,,,,,,,,,,,,,,,,,,,,,,,,,,,,,,,,,,,,,,,,,,,,,,,,,,,,,,,,,,,,,,,,,,,,,,,,,,,,,,,,,,,,,,,,,,,,,,,,,,,,,,,,,,,,,,,,,,,,,,,,
55,辽宁省,盘锦市,河北省,唐山市,盘锦市唐山市,438,劣势线路,省际,1,1,持平,持平,2,1,落后,落后,1,3.5 ,3.0 ,0.5 ,389,盘锦市-廊坊市-唐山市,盘锦市-北京市-唐山市,1.4 ,56.7 ,-6.5 ,26.5 ,-1.3 ,2.1%,-1.3%,96.9%,6.5%,T+2.4,-0.3 ,T+1.0,-0.1 ,5.2 ,0.0 ,8.6 ,-0.9 ,11.9 ,-4.4 ,25.7 ,-1.5 ,5.3 ,0.3 ,287,2.6 ,4.0 ,15.0 ,3.2 ,1.8 ,-94.8%,,,,,,,,,900,15,1,,,,,,,,,,,,,,,,,,,,,,,,,,,,,,,,,,,,,,,,,,,,,,,,,,,,,,,,,,,,,,,,,,,,,,,,,,,,,,,,,,,,,,,,,,,,,,,,,,,,,,,,,,,,,,,,,,,,,,,,,,,,,,,,,,,,,,,,,,,,,,,,,,,,,,,,,,,,,,,,,,,,,,,,,,,,,,,,,,,,,,,,,,,,,,
56,安徽省,宣城市,江西省,南昌市,宣城市南昌市,551,劣势线路,省际,1,1,持平,持平,2,1,落后,落后,1,4.3 ,3.9 ,0.4 ,"1,648",宣城市-芜湖市-鹰潭市-南昌市,宣城市-芜湖市-南昌市,1.3 ,52.3 ,3.7 ,24.7 ,0.3 ,4.0%,-21.7%,98.6%,1.0%,T+2.3,0.2 ,T+1.0,0.0 ,3.5 ,-0.3 ,14.5 ,-1.7 ,8.0 ,-0.4 ,21.1 ,5.8 ,5.2 ,0.2 ,416,3.0 ,8.5 ,7.2 ,3.7 ,2.2 ,-94.6%,,,,,,,,,500,58,1,,,,,,,,,,,,,,,,,,,,,,,,,,,,,,,,,,,,,,,,,,,,,,,,,,,,,,,,,,,,,,,,,,,,,,,,,,,,,,,,,,,,,,,,,,,,,,,,,,,,,,,,,,,,,,,,,,,,,,,,,,,,,,,,,,,,,,,,,,,,,,,,,,,,,,,,,,,,,,,,,,,,,,,,,,,,,,,,,,,,,,,,,,,,,,
57,吉林省,四平市,辽宁省,营口市,四平市营口市,374,-,省际,2,1,落后,落后,3,1,落后,落后,1,4.2 ,4.1 ,0.1 ,109,四平市-长春市-沈阳市-营口市,四平市-沈阳市-营口市,1.5 ,56.2 ,-1.1 ,23.2 ,0.0 ,2.8%,-2.6%,97.2%,-2.8%,T+2.5,0.0 ,T+1.0,0.0 ,8.4 ,2.4 ,13.8 ,-0.6 ,6.3 ,-0.2 ,23.0 ,-1.2 ,4.8 ,-1.3 ,36,3.2 ,2.4 ,4.4 ,11.3 ,2.0 ,-94.4%,,,,,,1,,,100,4,,,,,,,,,,,,,,,,,,,,,,,,,,,,,,,,,,,,,,,,,,,,,,,,,,,,,,,,,,,,,,,,,,,,,,,,,,,,,,,,,,,,,,,,,,,,,,,,,,,,,,,,,,,,,,,,,,,,,,,,,,,,,,,,,,,,,,,,,,,,,,,,,,,,,,,,,,,,,,,,,,,,,,,,,,,,,,,,,,,,,,,,,,,,,,,
58,广西壮族自治区,桂林市,广东省,珠海市,桂林市珠海市,602,劣势线路,省际,2,1,落后,落后,2,1,落后,落后,1,3.6 ,3.4 ,0.2 ,130,桂林市-广州市-珠海市,桂林市-广州市-珠海市,1.3 ,53.0 ,-0.2 ,23.7 ,-2.1 ,1.5%,0.2%,95.9%,7.7%,T+2.3,0.0 ,T+1.0,-0.1 ,2.3 ,-0.3 ,11.3 ,0.0 ,8.5 ,0.2 ,24.8 ,-0.2 ,6.1 ,0.2 ,98,2.1 ,4.2 ,7.8 ,7.3 ,2.2 ,-94.4%,,,,,,,,,200,6,1,,,,,,,,,,,,,,,,,,,,,,,,,,,,,,,,,,,,,,,,,,,,,,,,,,,,,,,,,,,,,,,,,,,,,,,,,,,,,,,,,,,,,,,,,,,,,,,,,,,,,,,,,,,,,,,,,,,,,,,,,,,,,,,,,,,,,,,,,,,,,,,,,,,,,,,,,,,,,,,,,,,,,,,,,,,,,,,,,,,,,,,,,,,,,,
59,山西省,长治市,河南省,商丘市,长治市商丘市,416,-,省际,2,1,落后,落后,2,1,落后,落后,1,3.4 ,4.2 ,-0.8 ,"4,931",长治市-太原市-郑州市-商丘市,长治市-郑州市-商丘市,1.0 ,49.3 ,-1.9 ,27.6 ,2.3 ,0.2%,-0.1%,94.6%,-5.4%,T+2.1,-0.1 ,T+1.1,0.1 ,8.1 ,0.1 ,10.3 ,-0.9 ,8.7 ,0.2 ,18.6 ,-1.3 ,3.6 ,0.0 ,37,4.4 ,3.7 ,4.7 ,12.0 ,2.7 ,-94.4%,,,,,,,,,100,198,,,,,,,,,,,,,,,,,,,,,,,,,,,,,,,,,,,,,,,,,,,,,,,,,,,,,,,,,,,,,,,,,,,,,,,,,,,,,,,,,,,,,,,,,,,,,,,,,,,,,,,,,,,,,,,,,,,,,,,,,,,,,,,,,,,,,,,,,,,,,,,,,,,,,,,,,,,,,,,,,,,,,,,,,,,,,,,,,,,,,,,,,,,,,,,
60,辽宁省,朝阳市,河北省,保定市,朝阳市保定市,654,劣势线路,省际,2,1,落后,落后,2,1,落后,落后,1,4.7 ,4.1 ,0.6 ,"2,920",朝阳市-锦州市-廊坊市-保定市,朝阳市-锦州市-北京市-保定市,1.8 ,65.8 ,-17.0 ,27.1 ,-6.2 ,1.3%,-1.0%,95.7%,24.3%,T+2.8,-0.7 ,T+1.0,-0.3 ,6.7 ,-0.8 ,18.9 ,-2.3 ,8.3 ,-5.1 ,22.2 ,-8.6 ,9.7 ,-0.2 ,116,2.4 ,7.4 ,12.4 ,3.5 ,1.4 ,-94.4%,,,,,,,,,100,117,1,,,,,,,,,,,,,,,,,,,,,,,,,,,,,,,,,,,,,,,,,,,,,,,,,,,,,,,,,,,,,,,,,,,,,,,,,,,,,,,,,,,,,,,,,,,,,,,,,,,,,,,,,,,,,,,,,,,,,,,,,,,,,,,,,,,,,,,,,,,,,,,,,,,,,,,,,,,,,,,,,,,,,,,,,,,,,,,,,,,,,,,,,,,,,,
61,吉林省,吉林市,黑龙江省,七台河市,吉林市七台河市,590,-,省际,3,1,落后,落后,3,1,落后,落后,1,3.7 ,3.1 ,0.6 ,33,吉林市-长春市-哈尔滨市-七台河市,吉林市-哈尔滨市-七台河市,1.9 ,71.9 ,,26.0 ,,0.0%,,94.3%,,T+3.0,,T+1.1,,1.8 ,,15.8 ,,4.8 ,,28.9 ,,20.7 ,,35,1.6 ,6.9 ,3.9 ,12.0 ,1.6 ,-94.3%,,,,,,1,,,20,1,,,,,,,,,,,,,,,,,,,,,,,,,,,,,,,,,,,,,,,,,,,,,,,,,,,,,,,,,,,,,,,,,,,,,,,,,,,,,,,,,,,,,,,,,,,,,,,,,,,,,,,,,,,,,,,,,,,,,,,,,,,,,,,,,,,,,,,,,,,,,,,,,,,,,,,,,,,,,,,,,,,,,,,,,,,,,,,,,,,,,,,,,,,,,,,
62,吉林省,四平市,河北省,秦皇岛市,四平市秦皇岛市,588,-,省际,2,1,落后,落后,3,1,落后,落后,1,5.0 ,3.3 ,1.7 ,35,四平市-长春市-廊坊市-秦皇岛市,四平市-沈阳市-秦皇岛市,1.7 ,62.2 ,-8.3 ,24.6 ,-5.6 ,5.7%,0.6%,100.0%,28.6%,T+2.7,-0.3 ,T+1.0,-0.3 ,7.5 ,1.2 ,13.3 ,-3.0 ,15.0 ,-0.9 ,21.7 ,-2.5 ,4.7 ,-3.1 ,31,2.7 ,2.7 ,14.9 ,3.0 ,1.3 ,-94.3%,,,,,,,,,100,1,,,,,,,,,,,,,,,,,,,,,,,,,,,,,,,,,,,,,,,,,,,,,,,,,,,,,,,,,,,,,,,,,,,,,,,,,,,,,,,,,,,,,,,,,,,,,,,,,,,,,,,,,,,,,,,,,,,,,,,,,,,,,,,,,,,,,,,,,,,,,,,,,,,,,,,,,,,,,,,,,,,,,,,,,,,,,,,,,,,,,,,,,,,,,,,
63,湖北省,孝感市,安徽省,芜湖市,孝感市芜湖市,544,-,省际,1,1,持平,持平,2,1,落后,落后,1,3.4 ,3.2 ,0.2 ,460,孝感市-合肥市-芜湖市,孝感市-武汉市-合肥市-芜湖市,1.7 ,61.8 ,0.5 ,22.6 ,-5.9 ,4.4%,1.9%,98.7%,22.4%,T+2.7,0.0 ,T+1.0,-0.2 ,7.4 ,-0.4 ,17.5 ,-0.2 ,6.3 ,-0.5 ,25.3 ,0.7 ,5.4 ,0.9 ,79,2.5 ,5.0 ,6.5 ,6.4 ,2.3 ,-94.3%,,,,,,,,,400,21,,,,,,,,,,,,,,,,,,,,,,,,,,,,,,,,,,,,,,,,,,,,,,,,,,,,,,,,,,,,,,,,,,,,,,,,,,,,,,,,,,,,,,,,,,,,,,,,,,,,,,,,,,,,,,,,,,,,,,,,,,,,,,,,,,,,,,,,,,,,,,,,,,,,,,,,,,,,,,,,,,,,,,,,,,,,,,,,,,,,,,,,,,,,,,,
64,江苏省,镇江市,山东省,枣庄市,镇江市枣庄市,426,-,省际,2,1,落后,落后,2,1,落后,落后,1,4.1 ,3.0 ,1.1 ,"1,547",镇江市-南京市-枣庄市,镇江市-连云港市-枣庄市,1.0 ,47.7 ,-0.1 ,25.7 ,-1.0 ,0.0%,-0.1%,94.3%,7.4%,T+2.1,0.0 ,T+1.1,-0.1 ,1.1 ,-0.4 ,11.2 ,-0.9 ,9.1 ,0.1 ,22.2 ,1.6 ,4.1 ,-0.6 ,88,2.6 ,12.7 ,5.2 ,3.5 ,1.7 ,-94.3%,,,,,,,,,200,55,,,,,,,,,,,,,,,,,,,,,,,,,,,,,,,,,,,,,,,,,,,,,,,,,,,,,,,,,,,,,,,,,,,,,,,,,,,,,,,,,,,,,,,,,,,,,,,,,,,,,,,,,,,,,,,,,,,,,,,,,,,,,,,,,,,,,,,,,,,,,,,,,,,,,,,,,,,,,,,,,,,,,,,,,,,,,,,,,,,,,,,,,,,,,,,
65,广西壮族自治区,钦州市,广东省,珠海市,钦州市珠海市,614,劣势线路,省际,2,1,落后,落后,2,1,落后,落后,1,3.5 ,3.5 ,0.0 ,94,钦州市-广州市-珠海市,钦州市-湛江市-中山市-珠海市,1.1 ,49.8 ,,24.6 ,,3.2%,,97.4%,,T+2.2,,T+1.0,,2.4 ,,10.4 ,,9.3 ,,21.0 ,,6.6 ,,39,2.1 ,4.2 ,7.0 ,9.3 ,2.0 ,-94.2%,,,,,,,,,100,4,1,,,,,,,,,,,,,,,,,,,,,,,,,,,,,,,,,,,,,,,,,,,,,,,,,,,,,,,,,,,,,,,,,,,,,,,,,,,,,,,,,,,,,,,,,,,,,,,,,,,,,,,,,,,,,,,,,,,,,,,,,,,,,,,,,,,,,,,,,,,,,,,,,,,,,,,,,,,,,,,,,,,,,,,,,,,,,,,,,,,,,,,,,,,,,,
66,安徽省,滁州市,河南省,漯河市,滁州市漯河市,481,-,省际,1,1,持平,持平,2,1,落后,落后,1,4.2 ,3.0 ,1.2 ,477,滁州市-郑州市-驻马店市-漯河市,滁州市-蚌埠市-漯河市,1.3 ,54.8 ,1.4 ,25.2 ,-2.2 ,3.1%,0.2%,97.3%,2.6%,T+2.4,0.1 ,T+1.0,0.0 ,6.3 ,1.8 ,11.9 ,0.6 ,12.1 ,-1.1 ,20.1 ,-0.4 ,4.4 ,0.5 ,37,2.8 ,7.9 ,7.0 ,5.5 ,1.9 ,-94.2%,,,,,,,,,100,22,,,,,,,,,,,,,,,,,,,,,,,,,,,,,,,,,,,,,,,,,,,,,,,,,,,,,,,,,,,,,,,,,,,,,,,,,,,,,,,,,,,,,,,,,,,,,,,,,,,,,,,,,,,,,,,,,,,,,,,,,,,,,,,,,,,,,,,,,,,,,,,,,,,,,,,,,,,,,,,,,,,,,,,,,,,,,,,,,,,,,,,,,,,,,,,
67,江苏省,泰州市,河南省,商丘市,泰州市商丘市,542,-,省际,-,1,-,-,2,1,落后,落后,1,3.8 ,3.2 ,0.6 ,"4,754",泰州市-郑州市-商丘市,泰州市-徐州市-商丘市,1.0 ,47.2 ,-0.8 ,27.9 ,-7.7 ,1.6%,0.1%,95.8%,37.8%,T+2.1,0.0 ,T+1.0,-0.4 ,2.0 ,-0.2 ,11.0 ,-0.2 ,11.8 ,-1.0 ,18.6 ,0.2 ,3.8 ,0.3 ,337,3.5 ,14.9 ,4.3 ,3.1 ,2.1 ,-94.2%,,,,,,,,,500,177,,,,,,,,,,,,,,,,,,,,,,,,,,,,,,,,,,,,,,,,,,,,,,,,,,,,,,,,,,,,,,,,,,,,,,,,,,,,,,,,,,,,,,,,,,,,,,,,,,,,,,,,,,,,,,,,,,,,,,,,,,,,,,,,,,,,,,,,,,,,,,,,,,,,,,,,,,,,,,,,,,,,,,,,,,,,,,,,,,,,,,,,,,,,,,,
68,湖北省,黄石市,江西省,新余市,黄石市新余市,326,劣势线路,省际,2,1,落后,落后,2,1,落后,落后,1,3.8 ,2.9 ,0.9 ,"1,995",黄石市-武汉市-南昌市-新余市,黄石市-鄂州市-南昌市-新余市,1.2 ,50.2 ,-1.2 ,29.3 ,-3.0 ,2.7%,2.6%,96.7%,19.3%,T+2.2,-0.1 ,T+1.0,-0.2 ,6.0 ,0.1 ,14.2 ,-0.2 ,7.0 ,-0.1 ,18.2 ,-0.9 ,4.9 ,0.0 ,30,4.9 ,6.5 ,3.6 ,10.3 ,4.0 ,-94.0%,,,,,,,1,,100,74,1,,,,,,,,,,,,,,,,,,,,,,,,,,,,,,,,,,,,,,,,,,,,,,,,,,,,,,,,,,,,,,,,,,,,,,,,,,,,,,,,,,,,,,,,,,,,,,,,,,,,,,,,,,,,,,,,,,,,,,,,,,,,,,,,,,,,,,,,,,,,,,,,,,,,,,,,,,,,,,,,,,,,,,,,,,,,,,,,,,,,,,,,,,,,,,
69,浙江省,衢州市,江西省,新余市,衢州市新余市,453,-,省际,-,1,-,-,2,1,落后,落后,1,4.4 ,2.3 ,2.1 ,740,衢州市-金华市-鹰潭市-新余市,衢州市-宜春市-新余市,1.0 ,45.7 ,,22.1 ,,6.1%,,100.0%,,T+2.0,,T+1.0,,1.2 ,,10.8 ,,5.4 ,,23.8 ,,4.5 ,,39,2.7 ,3.8 ,5.9 ,6.1 ,3.5 ,-93.9%,,,,,,,,,100,26,,,,,,,,,,,,,,,,,,,,,,,,,,,,,,,,,,,,,,,,,,,,,,,,,,,,,,,,,,,,,,,,,,,,,,,,,,,,,,,,,,,,,,,,,,,,,,,,,,,,,,,,,,,,,,,,,,,,,,,,,,,,,,,,,,,,,,,,,,,,,,,,,,,,,,,,,,,,,,,,,,,,,,,,,,,,,,,,,,,,,,,,,,,,,,,
70,湖北省,仙桃市,河南省,商丘市,仙桃市商丘市,616,-,省际,1,1,持平,持平,1,1,持平,持平,1,3.9 ,4.1 ,-0.2 ,100,仙桃市-武汉市-郑州市-商丘市,仙桃市-武汉市-漯河市-商丘市,1.2 ,52.3 ,,29.0 ,,1.0%,,94.9%,,T+2.2,,T+1.1,,3.0 ,,17.5 ,,9.4 ,,18.6 ,,3.8 ,,39,3.5 ,7.5 ,6.0 ,10.2 ,1.7 ,-93.9%,,,,,,,1,,50,3,,,,,,,,,,,,,,,,,,,,,,,,,,,,,,,,,,,,,,,,,,,,,,,,,,,,,,,,,,,,,,,,,,,,,,,,,,,,,,,,,,,,,,,,,,,,,,,,,,,,,,,,,,,,,,,,,,,,,,,,,,,,,,,,,,,,,,,,,,,,,,,,,,,,,,,,,,,,,,,,,,,,,,,,,,,,,,,,,,,,,,,,,,,,,,,
71,黑龙江省,绥化市,吉林省,吉林市,绥化市吉林市,386,劣势线路,省际,2,1,落后,落后,2,1,落后,落后,1,4.2 ,3.7 ,0.5 ,327,绥化市-哈尔滨市-长春市-吉林市,绥化市-哈尔滨市-长春市-吉林市,1.1 ,50.1 ,1.1 ,22.6 ,-1.7 ,3.4%,-3.4%,97.3%,2.1%,T+2.2,0.1 ,T+1.0,0.0 ,4.7 ,-0.3 ,14.9 ,1.3 ,7.3 ,0.1 ,19.3 ,-0.2 ,3.9 ,0.2 ,257,1.8 ,8.0 ,3.7 ,6.2 ,3.0 ,-93.9%,,,,,,1,,,200,12,1,,,,,,,,,,,,,,,,,,,,,,,,,,,,,,,,,,,,,,,,,,,,,,,,,,,,,,,,,,,,,,,,,,,,,,,,,,,,,,,,,,,,,,,,,,,,,,,,,,,,,,,,,,,,,,,,,,,,,,,,,,,,,,,,,,,,,,,,,,,,,,,,,,,,,,,,,,,,,,,,,,,,,,,,,,,,,,,,,,,,,,,,,,,,,,
72,安徽省,铜陵市,江苏省,盐城市,铜陵市盐城市,457,-,省际,2,1,落后,落后,2,1,落后,落后,1,4.1 ,2.7 ,1.4 ,170,铜陵市-芜湖市-淮安市-盐城市,铜陵市-芜湖市-盐城市,1.3 ,52.0 ,6.9 ,24.6 ,-0.7 ,2.4%,-30.9%,96.3%,1.0%,T+2.3,0.4 ,T+1.0,0.0 ,2.6 ,0.8 ,13.6 ,-0.3 ,6.1 ,0.3 ,25.7 ,5.8 ,4.0 ,0.3 ,81,3.7 ,6.0 ,6.7 ,5.9 ,2.3 ,-93.9%,,1,,,,,,,100,6,,,,,,,,,,,,,,,,,,,,,,,,,,,,,,,,,,,,,,,,,,,,,,,,,,,,,,,,,,,,,,,,,,,,,,,,,,,,,,,,,,,,,,,,,,,,,,,,,,,,,,,,,,,,,,,,,,,,,,,,,,,,,,,,,,,,,,,,,,,,,,,,,,,,,,,,,,,,,,,,,,,,,,,,,,,,,,,,,,,,,,,,,,,,,,,
73,江苏省,淮安市,山东省,东营市,淮安市东营市,517,-,省际,2,1,落后,落后,2,1,落后,落后,1,3.9 ,3.0 ,0.9 ,321,淮安市-青岛市-东营市,淮安市-连云港市-滨州市-东营市,1.1 ,48.5 ,0.9 ,25.4 ,0.5 ,0.0%,0.0%,93.9%,-1.3%,T+2.1,0.0 ,T+1.1,0.0 ,2.4 ,0.0 ,10.2 ,0.4 ,7.3 ,0.6 ,25.0 ,-0.8 ,3.6 ,0.7 ,131,1.9 ,11.9 ,5.9 ,3.4 ,2.3 ,-93.9%,,,,,,,,,300,14,,,,,,,,,,,,,,,,,,,,,,,,,,,,,,,,,,,,,,,,,,,,,,,,,,,,,,,,,,,,,,,,,,,,,,,,,,,,,,,,,,,,,,,,,,,,,,,,,,,,,,,,,,,,,,,,,,,,,,,,,,,,,,,,,,,,,,,,,,,,,,,,,,,,,,,,,,,,,,,,,,,,,,,,,,,,,,,,,,,,,,,,,,,,,,,
74,福建省,厦门市,广东省,汕尾市,厦门市汕尾市,429,-,省际,2,1,落后,落后,2,1,落后,落后,1,3.2 ,3.0 ,0.2 ,"2,269",厦门市-广州市-汕尾市,厦门市-揭阳市-汕尾市,1.1 ,51.2 ,-1.4 ,26.2 ,-0.9 ,0.3%,-0.4%,94.2%,3.3%,T+2.2,0.0 ,T+1.1,0.0 ,2.9 ,-0.1 ,8.2 ,-0.6 ,10.5 ,1.0 ,24.9 ,-0.8 ,4.8 ,-0.9 ,223,3.3 ,6.5 ,5.4 ,7.7 ,3.4 ,-93.9%,,,,,,,,,400,80,,,,,,,,,,,,,,,,,,,,,,,,,,,,,,,,,,,,,,,,,,,,,,,,,,,,,,,,,,,,,,,,,,,,,,,,,,,,,,,,,,,,,,,,,,,,,,,,,,,,,,,,,,,,,,,,,,,,,,,,,,,,,,,,,,,,,,,,,,,,,,,,,,,,,,,,,,,,,,,,,,,,,,,,,,,,,,,,,,,,,,,,,,,,,,,
75,湖北省,荆州市,河南省,开封市,荆州市开封市,625,-,省际,1,1,持平,持平,2,1,落后,落后,1,4.1 ,2.5 ,1.6 ,176,荆州市-郑州市-开封市,荆州市-武汉市-郑州市-开封市,1.4 ,56.2 ,2.1 ,25.0 ,-1.0 ,0.0%,-1.2%,93.9%,2.5%,T+2.5,0.1 ,T+1.1,0.0 ,7.2 ,-0.3 ,14.9 ,1.9 ,10.9 ,-0.1 ,19.4 ,0.8 ,3.8 ,-0.1 ,49,2.4 ,7.6 ,7.9 ,4.1 ,3.1 ,-93.9%,,,,,,,1,,100,7,,,,,,,,,,,,,,,,,,,,,,,,,,,,,,,,,,,,,,,,,,,,,,,,,,,,,,,,,,,,,,,,,,,,,,,,,,,,,,,,,,,,,,,,,,,,,,,,,,,,,,,,,,,,,,,,,,,,,,,,,,,,,,,,,,,,,,,,,,,,,,,,,,,,,,,,,,,,,,,,,,,,,,,,,,,,,,,,,,,,,,,,,,,,,,,
76,山东省,日照市,河南省,鹤壁市,日照市鹤壁市,552,-,省际,2,1,落后,落后,2,1,落后,落后,1,5.4 ,3.4 ,2.0 ,92,日照市-青岛市-南京市-郑州市-鹤壁市,日照市-郑州市-安阳市-鹤壁市,1.0 ,48.1 ,-0.3 ,28.7 ,-4.3 ,0.0%,-1.3%,93.8%,16.4%,T+2.1,-0.1 ,T+1.1,-0.2 ,2.4 ,0.8 ,11.2 ,-1.9 ,8.1 ,-1.2 ,21.4 ,1.0 ,5.0 ,1.0 ,48,2.6 ,7.0 ,9.2 ,8.3 ,1.6 ,-93.8%,,,,,,,,,50,3,,,,,,,,,,,,,,,,,,,,,,,,,,,,,,,,,,,,,,,,,,,,,,,,,,,,,,,,,,,,,,,,,,,,,,,,,,,,,,,,,,,,,,,,,,,,,,,,,,,,,,,,,,,,,,,,,,,,,,,,,,,,,,,,,,,,,,,,,,,,,,,,,,,,,,,,,,,,,,,,,,,,,,,,,,,,,,,,,,,,,,,,,,,,,,,
77,内蒙古自治区,赤峰市,河北省,张家口市,赤峰市张家口市,567,-,省际,2,1,落后,落后,2,1,落后,落后,1,4.8 ,3.1 ,1.7 ,98,赤峰市-北京市-廊坊市-张家口市,赤峰市-北京市-张家口市,1.9 ,68.5 ,1.5 ,27.2 ,-2.2 ,0.0%,-2.4%,93.8%,9.3%,T+2.9,0.1 ,T+1.1,-0.1 ,4.6 ,0.6 ,7.1 ,1.7 ,21.4 ,1.0 ,31.3 ,-2.6 ,4.2 ,0.9 ,112,3.0 ,2.1 ,15.5 ,4.1 ,2.4 ,-93.8%,,,,,,,,,100,5,,,,,,,,,,,,,,,,,,,,,,,,,,,,,,,,,,,,,,,,,,,,,,,,,,,,,,,,,,,,,,,,,,,,,,,,,,,,,,,,,,,,,,,,,,,,,,,,,,,,,,,,,,,,,,,,,,,,,,,,,,,,,,,,,,,,,,,,,,,,,,,,,,,,,,,,,,,,,,,,,,,,,,,,,,,,,,,,,,,,,,,,,,,,,,,
78,江苏省,连云港市,江西省,南昌市,连云港市南昌市,880,劣势线路,省际,1,1,持平,持平,2,1,落后,落后,1,4.1 ,2.0 ,2.1 ,"1,989",连云港市-淮安市-鹰潭市-南昌市,连云港市-南昌市,1.1 ,50.0 ,-0.8 ,27.2 ,0.8 ,1.5%,-0.5%,95.2%,-0.4%,T+2.2,-0.1 ,T+1.1,0.0 ,1.7 ,0.0 ,14.2 ,0.3 ,11.8 ,-0.2 ,17.3 ,-0.9 ,5.1 ,0.1 ,"1,260",2.4 ,6.1 ,12.9 ,3.2 ,2.7 ,-93.7%,,,,,,,,,"2,300",162,1,,,,,,,,,,,,,,,,,,,,,,,,,,,,,,,,,,,,,,,,,,,,,,,,,,,,,,,,,,,,,,,,,,,,,,,,,,,,,,,,,,,,,,,,,,,,,,,,,,,,,,,,,,,,,,,,,,,,,,,,,,,,,,,,,,,,,,,,,,,,,,,,,,,,,,,,,,,,,,,,,,,,,,,,,,,,,,,,,,,,,,,,,,,,,,
79,安徽省,池州市,山东省,青岛市,池州市青岛市,804,劣势线路,省际,1,1,持平,持平,2,1,落后,落后,1,3.6 ,2.7 ,0.9 ,713,池州市-安庆市-青岛市,池州市-芜湖市-青岛市,1.2 ,51.9 ,2.1 ,26.5 ,-2.2 ,2.1%,0.9%,95.8%,11.4%,T+2.2,0.1 ,T+1.0,-0.1 ,2.3 ,0.3 ,14.9 ,-1.5 ,14.4 ,1.4 ,16.3 ,1.7 ,3.9 ,0.1 ,237,3.0 ,6.2 ,11.6 ,4.1 ,1.6 ,-93.7%,,,,,,,,,300,25,1,,,,,,,,,,,,,,,,,,,,,,,,,,,,,,,,,,,,,,,,,,,,,,,,,,,,,,,,,,,,,,,,,,,,,,,,,,,,,,,,,,,,,,,,,,,,,,,,,,,,,,,,,,,,,,,,,,,,,,,,,,,,,,,,,,,,,,,,,,,,,,,,,,,,,,,,,,,,,,,,,,,,,,,,,,,,,,,,,,,,,,,,,,,,,,
80,湖北省,鄂州市,河南省,信阳市,鄂州市信阳市,291,劣势线路,省际,1,1,持平,持平,2,1,落后,落后,1,4.2 ,2.4 ,1.8 ,160,鄂州市-武汉市-驻马店市-信阳市,鄂州市-武汉市-信阳市,1.4 ,56.0 ,-1.5 ,23.6 ,-1.9 ,0.6%,0.6%,94.3%,7.6%,T+2.5,0.0 ,T+1.1,-0.1 ,7.8 ,0.7 ,15.9 ,-1.0 ,6.7 ,-1.1 ,22.0 ,0.4 ,3.5 ,-0.6 ,194,3.0 ,8.0 ,5.6 ,2.9 ,4.1 ,-93.7%,,,,,,,1,,"3,100",5,1,,,,,,,,,,,,,,,,,,,,,,,,,,,,,,,,,,,,,,,,,,,,,,,,,,,,,,,,,,,,,,,,,,,,,,,,,,,,,,,,,,,,,,,,,,,,,,,,,,,,,,,,,,,,,,,,,,,,,,,,,,,,,,,,,,,,,,,,,,,,,,,,,,,,,,,,,,,,,,,,,,,,,,,,,,,,,,,,,,,,,,,,,,,,,,
81,江苏省,泰州市,山东省,枣庄市,泰州市枣庄市,440,-,省际,-,1,-,-,2,1,落后,落后,1,4.7 ,3.1 ,1.6 ,"1,261",泰州市-无锡市-临沂市-枣庄市,泰州市-连云港市-枣庄市,1.3 ,54.8 ,3.1 ,24.4 ,-2.3 ,0.0%,-0.1%,93.6%,7.0%,T+2.3,0.1 ,T+1.1,-0.1 ,1.5 ,-0.5 ,17.3 ,3.5 ,9.2 ,-0.9 ,22.2 ,1.2 ,4.7 ,-0.2 ,94,2.3 ,12.2 ,4.4 ,3.0 ,2.5 ,-93.6%,,,,,,,,,100,46,,,,,,,,,,,,,,,,,,,,,,,,,,,,,,,,,,,,,,,,,,,,,,,,,,,,,,,,,,,,,,,,,,,,,,,,,,,,,,,,,,,,,,,,,,,,,,,,,,,,,,,,,,,,,,,,,,,,,,,,,,,,,,,,,,,,,,,,,,,,,,,,,,,,,,,,,,,,,,,,,,,,,,,,,,,,,,,,,,,,,,,,,,,,,,,
82,江苏省,连云港市,山东省,聊城市,连云港市聊城市,477,劣势线路,省际,1,1,持平,持平,2,1,落后,落后,1,3.8 ,3.1 ,0.7 ,848,连云港市-济南市-聊城市,连云港市-济南市-聊城市,1.0 ,46.2 ,2.6 ,24.4 ,-0.9 ,5.7%,-8.8%,99.3%,5.7%,T+2.0,0.1 ,T+1.0,-0.1 ,1.6 ,-0.1 ,9.8 ,-0.1 ,6.1 ,-0.6 ,24.0 ,2.4 ,4.7 ,0.9 ,716,2.3 ,5.2 ,6.2 ,8.3 ,2.4 ,-93.6%,,,,,,,,,"1,200",64,1,,,,,,,,,,,,,,,,,,,,,,,,,,,,,,,,,,,,,,,,,,,,,,,,,,,,,,,,,,,,,,,,,,,,,,,,,,,,,,,,,,,,,,,,,,,,,,,,,,,,,,,,,,,,,,,,,,,,,,,,,,,,,,,,,,,,,,,,,,,,,,,,,,,,,,,,,,,,,,,,,,,,,,,,,,,,,,,,,,,,,,,,,,,,,,
83,江西省,抚州市,湖北省,黄石市,抚州市黄石市,377,-,省际,1,1,持平,持平,2,1,落后,落后,1,4.3 ,3.2 ,1.1 ,145,抚州市-鹰潭市-武汉市-黄石市,抚州市-南昌市-武汉市-鄂州市-黄石市,1.0 ,48.6 ,-0.4 ,26.2 ,-2.6 ,2.1%,-3.0%,95.7%,16.8%,T+2.1,0.0 ,T+1.0,-0.2 ,0.9 ,-0.5 ,14.7 ,-0.5 ,7.7 ,0.1 ,21.3 ,1.1 ,4.0 ,-0.6 ,46,3.1 ,8.8 ,5.6 ,6.2 ,2.5 ,-93.6%,,,,,,,1,,100,5,,,,,,,,,,,,,,,,,,,,,,,,,,,,,,,,,,,,,,,,,,,,,,,,,,,,,,,,,,,,,,,,,,,,,,,,,,,,,,,,,,,,,,,,,,,,,,,,,,,,,,,,,,,,,,,,,,,,,,,,,,,,,,,,,,,,,,,,,,,,,,,,,,,,,,,,,,,,,,,,,,,,,,,,,,,,,,,,,,,,,,,,,,,,,,,
84,湖北省,鄂州市,江西省,南昌市,鄂州市南昌市,311,劣势线路,省际,1,1,持平,持平,1,1,持平,持平,1,2.9 ,2.2 ,0.7 ,372,鄂州市-武汉市-南昌市,鄂州市-武汉市-南昌市,1.3 ,52.4 ,-3.0 ,21.8 ,-1.2 ,0.5%,-1.6%,94.1%,0.9%,T+2.3,-0.1 ,T+1.1,0.0 ,7.3 ,-0.8 ,14.3 ,-2.3 ,7.1 ,-0.7 ,17.8 ,0.3 ,5.9 ,0.5 ,425,2.6 ,5.4 ,5.1 ,4.6 ,4.1 ,-93.6%,1,,,,,,1,,"4,100",13,1,,,,,,,,,,,,,,,,,,,,,,,,,,,,,,,,,,,,,,,,,,,,,,,,,,,,,,,,,,,,,,,,,,,,,,,,,,,,,,,,,,,,,,,,,,,,,,,,,,,,,,,,,,,,,,,,,,,,,,,,,,,,,,,,,,,,,,,,,,,,,,,,,,,,,,,,,,,,,,,,,,,,,,,,,,,,,,,,,,,,,,,,,,,,,,
85,辽宁省,朝阳市,河北省,唐山市,朝阳市唐山市,428,-,省际,1,1,持平,持平,2,1,落后,落后,1,4.5 ,4.0 ,0.5 ,441,朝阳市-锦州市-廊坊市-唐山市,朝阳市-锦州市-北京市-唐山市,1.5 ,59.5 ,-4.5 ,26.2 ,-3.1 ,5.4%,-8.1%,99.0%,14.6%,T+2.5,-0.1 ,T+1.0,-0.2 ,4.4 ,-0.3 ,17.8 ,0.0 ,8.9 ,-3.8 ,23.5 ,-0.5 ,4.9 ,0.0 ,105,2.3 ,7.2 ,12.2 ,3.0 ,1.4 ,-93.6%,,,,,,,,,100,18,,,,,,,,,,,,,,,,,,,,,,,,,,,,,,,,,,,,,,,,,,,,,,,,,,,,,,,,,,,,,,,,,,,,,,,,,,,,,,,,,,,,,,,,,,,,,,,,,,,,,,,,,,,,,,,,,,,,,,,,,,,,,,,,,,,,,,,,,,,,,,,,,,,,,,,,,,,,,,,,,,,,,,,,,,,,,,,,,,,,,,,,,,,,,,,
86,吉林省,四平市,辽宁省,大连市,四平市大连市,573,劣势线路,省际,2,1,落后,落后,2,1,落后,落后,1,4.4 ,3.8 ,0.6 ,231,四平市-长春市-沈阳市-大连市,四平市-沈阳市-大连市,1.3 ,56.2 ,-4.6 ,24.7 ,0.0 ,3.5%,-0.3%,97.0%,-1.7%,T+2.4,-0.2 ,T+1.0,0.0 ,5.0 ,1.0 ,16.0 ,0.8 ,6.0 ,-1.6 ,24.2 ,-3.8 ,5.0 ,-1.0 ,166,2.8 ,2.7 ,4.9 ,12.6 ,1.7 ,-93.5%,,,,,,1,,,300,9,1,,,,,,,,,,,,,,,,,,,,,,,,,,,,,,,,,,,,,,,,,,,,,,,,,,,,,,,,,,,,,,,,,,,,,,,,,,,,,,,,,,,,,,,,,,,,,,,,,,,,,,,,,,,,,,,,,,,,,,,,,,,,,,,,,,,,,,,,,,,,,,,,,,,,,,,,,,,,,,,,,,,,,,,,,,,,,,,,,,,,,,,,,,,,,,
87,江西省,萍乡市,广东省,惠州市,萍乡市惠州市,647,-,省际,2,1,落后,落后,2,1,落后,落后,1,4.2 ,3.2 ,1.0 ,629,萍乡市-长沙市-东莞市-惠州市,萍乡市-长沙市-惠州市,1.0 ,50.5 ,-1.5 ,27.8 ,-10.6 ,0.6%,0.6%,94.1%,41.5%,T+2.1,-0.1 ,T+1.1,-0.5 ,2.3 ,0.1 ,5.1 ,0.0 ,20.7 ,-0.9 ,15.9 ,-0.4 ,6.5 ,-0.4 ,34,3.0 ,2.4 ,15.7 ,4.0 ,2.8 ,-93.5%,,,,,,,,,100,23,,,,,,,,,,,,,,,,,,,,,,,,,,,,,,,,,,,,,,,,,,,,,,,,,,,,,,,,,,,,,,,,,,,,,,,,,,,,,,,,,,,,,,,,,,,,,,,,,,,,,,,,,,,,,,,,,,,,,,,,,,,,,,,,,,,,,,,,,,,,,,,,,,,,,,,,,,,,,,,,,,,,,,,,,,,,,,,,,,,,,,,,,,,,,,,
88,江苏省,连云港市,山东省,淄博市,连云港市淄博市,335,劣势线路,省际,1,1,持平,持平,2,1,落后,落后,1,3.9 ,2.9 ,1.0 ,791,连云港市-济南市-淄博市,连云港市-潍坊市-淄博市,1.0 ,46.7 ,0.3 ,27.2 ,0.2 ,4.1%,-0.2%,97.6%,3.8%,T+2.0,0.0 ,T+1.0,0.0 ,1.7 ,0.0 ,9.9 ,0.1 ,6.1 ,-0.5 ,24.6 ,0.5 ,4.3 ,0.1 ,860,2.3 ,4.8 ,6.6 ,11.3 ,2.1 ,-93.5%,,,,,,,,,"1,300",63,1,,,,,,,,,,,,,,,,,,,,,,,,,,,,,,,,,,,,,,,,,,,,,,,,,,,,,,,,,,,,,,,,,,,,,,,,,,,,,,,,,,,,,,,,,,,,,,,,,,,,,,,,,,,,,,,,,,,,,,,,,,,,,,,,,,,,,,,,,,,,,,,,,,,,,,,,,,,,,,,,,,,,,,,,,,,,,,,,,,,,,,,,,,,,,,
89,广西壮族自治区,百色市,广东省,东莞市,百色市东莞市,887,劣势线路,省际,1,1,持平,持平,2,1,落后,落后,1,3.7 ,3.3 ,0.4 ,"3,447",百色市-南宁市-东莞市,百色市-广州市-东莞市,1.2 ,50.4 ,0.6 ,27.7 ,-2.3 ,0.5%,-0.7%,93.9%,8.1%,T+2.2,0.1 ,T+1.1,-0.1 ,4.1 ,0.8 ,16.9 ,-0.3 ,10.3 ,-0.6 ,14.7 ,0.7 ,4.5 ,0.1 ,98,2.9 ,6.4 ,10.8 ,5.4 ,2.2 ,-93.4%,,,,,,,,,600,132,1,,,,,,,,,,,,,,,,,,,,,,,,,,,,,,,,,,,,,,,,,,,,,,,,,,,,,,,,,,,,,,,,,,,,,,,,,,,,,,,,,,,,,,,,,,,,,,,,,,,,,,,,,,,,,,,,,,,,,,,,,,,,,,,,,,,,,,,,,,,,,,,,,,,,,,,,,,,,,,,,,,,,,,,,,,,,,,,,,,,,,,,,,,,,,,
90,湖北省,随州市,河南省,南阳市,随州市南阳市,225,-,省际,2,1,落后,落后,2,1,落后,落后,1,4.3 ,2.5 ,1.8 ,233,随州市-襄阳市-郑州市-南阳市,随州市-南阳市,1.3 ,57.3 ,,24.8 ,,3.4%,,96.8%,,T+2.4,,T+1.0,,4.3 ,,18.9 ,,7.4 ,,22.2 ,,4.6 ,,31,2.5 ,5.6 ,5.1 ,8.0 ,3.5 ,-93.4%,,,,,,,1,,100,8,,,,,,,,,,,,,,,,,,,,,,,,,,,,,,,,,,,,,,,,,,,,,,,,,,,,,,,,,,,,,,,,,,,,,,,,,,,,,,,,,,,,,,,,,,,,,,,,,,,,,,,,,,,,,,,,,,,,,,,,,,,,,,,,,,,,,,,,,,,,,,,,,,,,,,,,,,,,,,,,,,,,,,,,,,,,,,,,,,,,,,,,,,,,,,,
91,湖北省,鄂州市,河南省,漯河市,鄂州市漯河市,452,-,省际,1,1,持平,持平,2,1,落后,落后,1,4.2 ,3.0 ,1.2 ,78,鄂州市-武汉市-驻马店市-漯河市,鄂州市-武汉市-漯河市,1.3 ,54.6 ,-1.2 ,25.2 ,-3.2 ,0.0%,0.0%,93.3%,18.6%,T+2.4,-0.1 ,T+1.1,-0.2 ,7.7 ,-0.4 ,16.5 ,-0.5 ,6.1 ,-0.9 ,20.0 ,0.3 ,4.3 ,0.3 ,45,4.0 ,6.4 ,6.1 ,6.5 ,2.2 ,-93.3%,1,,,,,,1,,900,3,,,,,,,,,,,,,,,,,,,,,,,,,,,,,,,,,,,,,,,,,,,,,,,,,,,,,,,,,,,,,,,,,,,,,,,,,,,,,,,,,,,,,,,,,,,,,,,,,,,,,,,,,,,,,,,,,,,,,,,,,,,,,,,,,,,,,,,,,,,,,,,,,,,,,,,,,,,,,,,,,,,,,,,,,,,,,,,,,,,,,,,,,,,,,,,
92,江苏省,连云港市,山东省,泰安市,连云港市泰安市,314,劣势线路,省际,1,1,持平,持平,2,1,落后,落后,1,3.8 ,3.0 ,0.8 ,609,连云港市-济南市-泰安市,连云港市-济南市-泰安市,1.1 ,47.4 ,7.8 ,23.8 ,-0.8 ,6.6%,-30.8%,99.9%,4.0%,T+2.1,0.4 ,T+1.0,0.0 ,1.6 ,0.2 ,10.1 ,-1.5 ,5.7 ,1.0 ,23.7 ,5.7 ,6.3 ,2.5 ,706,2.3 ,5.1 ,6.2 ,7.8 ,2.3 ,-93.3%,,,,,,,,,"1,300",39,1,,,,,,,,,,,,,,,,,,,,,,,,,,,,,,,,,,,,,,,,,,,,,,,,,,,,,,,,,,,,,,,,,,,,,,,,,,,,,,,,,,,,,,,,,,,,,,,,,,,,,,,,,,,,,,,,,,,,,,,,,,,,,,,,,,,,,,,,,,,,,,,,,,,,,,,,,,,,,,,,,,,,,,,,,,,,,,,,,,,,,,,,,,,,,,
93,安徽省,宣城市,山东省,青岛市,宣城市青岛市,721,劣势线路,省际,1,1,持平,持平,3,1,落后,落后,1,4.8 ,3.3 ,1.5 ,"1,144",宣城市-芜湖市-济南市-青岛市,宣城市-芜湖市-青岛市,1.4 ,56.8 ,2.9 ,28.2 ,-0.6 ,1.8%,-1.1%,95.1%,6.2%,T+2.4,0.1 ,T+1.1,-0.1 ,3.5 ,0.4 ,17.5 ,2.7 ,10.8 ,-1.1 ,21.1 ,1.1 ,3.9 ,-0.3 ,530,3.3 ,7.5 ,11.3 ,4.3 ,1.7 ,-93.3%,,,,,,,,,600,41,1,,,,,,,,,,,,,,,,,,,,,,,,,,,,,,,,,,,,,,,,,,,,,,,,,,,,,,,,,,,,,,,,,,,,,,,,,,,,,,,,,,,,,,,,,,,,,,,,,,,,,,,,,,,,,,,,,,,,,,,,,,,,,,,,,,,,,,,,,,,,,,,,,,,,,,,,,,,,,,,,,,,,,,,,,,,,,,,,,,,,,,,,,,,,,,
94,山西省,晋城市,河南省,许昌市,晋城市许昌市,232,-,省际,2,1,落后,落后,2,1,落后,落后,1,4.0 ,3.5 ,0.5 ,"1,638",晋城市-太原市-郑州市-许昌市,晋城市-郑州市-许昌市,1.1 ,50.0 ,-1.3 ,25.6 ,-3.3 ,0.7%,0.0%,93.9%,13.4%,T+2.1,-0.1 ,T+1.1,-0.1 ,4.5 ,-0.1 ,13.9 ,-0.6 ,8.6 ,0.3 ,17.8 ,-1.3 ,5.2 ,0.4 ,33,7.4 ,3.2 ,3.7 ,7.8 ,3.4 ,-93.2%,,,,,,,,,100,71,,,,,,,,,,,,,,,,,,,,,,,,,,,,,,,,,,,,,,,,,,,,,,,,,,,,,,,,,,,,,,,,,,,,,,,,,,,,,,,,,,,,,,,,,,,,,,,,,,,,,,,,,,,,,,,,,,,,,,,,,,,,,,,,,,,,,,,,,,,,,,,,,,,,,,,,,,,,,,,,,,,,,,,,,,,,,,,,,,,,,,,,,,,,,,,
95,河南省,漯河市,湖北省,十堰市,漯河市十堰市,422,-,省际,2,1,落后,落后,2,1,落后,落后,1,5.5 ,3.2 ,2.3 ,111,漯河市-郑州市-南京市-武汉市-十堰市,漯河市-南阳市-十堰市,1.1 ,51.4 ,-0.1 ,22.0 ,-5.6 ,1.8%,1.8%,95.0%,16.3%,T+2.2,0.0 ,T+1.1,-0.2 ,1.9 ,0.5 ,10.0 ,-1.5 ,6.3 ,-1.5 ,28.3 ,1.8 ,4.8 ,0.4 ,80,2.4 ,8.9 ,3.8 ,4.1 ,2.8 ,-93.2%,,,,,,,1,,300,4,,,,,,,,,,,,,,,,,,,,,,,,,,,,,,,,,,,,,,,,,,,,,,,,,,,,,,,,,,,,,,,,,,,,,,,,,,,,,,,,,,,,,,,,,,,,,,,,,,,,,,,,,,,,,,,,,,,,,,,,,,,,,,,,,,,,,,,,,,,,,,,,,,,,,,,,,,,,,,,,,,,,,,,,,,,,,,,,,,,,,,,,,,,,,,,
96,湖北省,荆州市,河南省,信阳市,荆州市信阳市,393,-,省际,1,1,持平,持平,2,1,落后,落后,1,3.9 ,2.5 ,1.4 ,801,荆州市-驻马店市-信阳市,荆州市-武汉市-信阳市,1.4 ,55.5 ,-2.7 ,21.8 ,-2.1 ,2.8%,1.9%,96.0%,8.4%,T+2.4,-0.1 ,T+1.0,-0.1 ,7.9 ,-1.6 ,15.1 ,0.6 ,7.0 ,-0.3 ,22.3 ,-1.2 ,3.1 ,-0.2 ,100,2.1 ,10.0 ,5.0 ,2.0 ,2.7 ,-93.2%,,,,,,,1,,200,30,,,,,,,,,,,,,,,,,,,,,,,,,,,,,,,,,,,,,,,,,,,,,,,,,,,,,,,,,,,,,,,,,,,,,,,,,,,,,,,,,,,,,,,,,,,,,,,,,,,,,,,,,,,,,,,,,,,,,,,,,,,,,,,,,,,,,,,,,,,,,,,,,,,,,,,,,,,,,,,,,,,,,,,,,,,,,,,,,,,,,,,,,,,,,,,
97,江苏省,南京市,山东省,日照市,南京市日照市,433,-,省际,2,1,落后,落后,2,1,落后,落后,1,3.5 ,3.0 ,0.5 ,"3,712",南京市-青岛市-日照市,南京市-连云港市-日照市,1.1 ,51.8 ,0.6 ,24.6 ,-2.7 ,0.0%,0.0%,93.0%,10.1%,T+2.2,0.0 ,T+1.1,-0.1 ,2.6 ,0.0 ,13.0 ,0.3 ,9.7 ,-0.7 ,22.6 ,1.1 ,3.9 ,-0.3 ,569,2.4 ,12.6 ,3.6 ,3.8 ,2.3 ,-93.0%,,,,,,,,,800,182,,,,,,,,,,,,,,,,,,,,,,,,,,,,,,,,,,,,,,,,,,,,,,,,,,,,,,,,,,,,,,,,,,,,,,,,,,,,,,,,,,,,,,,,,,,,,,,,,,,,,,,,,,,,,,,,,,,,,,,,,,,,,,,,,,,,,,,,,,,,,,,,,,,,,,,,,,,,,,,,,,,,,,,,,,,,,,,,,,,,,,,,,,,,,,,
98,山东省,济南市,河北省,唐山市,济南市唐山市,440,劣势线路,省际,2,1,落后,落后,2,1,落后,落后,1,4.5 ,2.0 ,2.5 ,"14,928",济南市-天津市-唐山市,济南市-唐山市,1.6 ,59.6 ,0.0 ,23.1 ,-1.2 ,0.4%,-0.4%,93.4%,4.7%,T+2.6,0.0 ,T+1.1,-0.1 ,0.7 ,-0.3 ,7.2 ,-0.7 ,27.3 ,1.7 ,16.1 ,-0.8 ,8.3 ,0.1 ,839,3.4 ,6.3 ,6.9 ,3.4 ,3.1 ,-93.0%,,,,,,,,,"2,100",547,1,,,,,,,,,,,,,,,,,,,,,,,,,,,,,,,,,,,,,,,,,,,,,,,,,,,,,,,,,,,,,,,,,,,,,,,,,,,,,,,,,,,,,,,,,,,,,,,,,,,,,,,,,,,,,,,,,,,,,,,,,,,,,,,,,,,,,,,,,,,,,,,,,,,,,,,,,,,,,,,,,,,,,,,,,,,,,,,,,,,,,,,,,,,,,,
99,辽宁省,葫芦岛市,天津市,天津市,葫芦岛市天津市,418,劣势线路,省际,1,1,持平,持平,2,1,落后,落后,1,3.9 ,2.8 ,1.1 ,"1,060",葫芦岛市-锦州市-廊坊市-天津市,葫芦岛市-锦州市-天津市,1.4 ,57.7 ,-10.5 ,23.5 ,-0.7 ,3.9%,-1.6%,96.9%,1.9%,T+2.4,-0.5 ,T+1.0,0.0 ,3.7 ,0.3 ,17.0 ,-0.3 ,16.0 ,-8.7 ,10.1 ,-1.7 ,10.9 ,-0.1 ,294,2.1 ,6.8 ,8.4 ,3.6 ,2.6 ,-93.0%,,,,,,,,,"1,500",44,1,,,,,,,,,,,,,,,,,,,,,,,,,,,,,,,,,,,,,,,,,,,,,,,,,,,,,,,,,,,,,,,,,,,,,,,,,,,,,,,,,,,,,,,,,,,,,,,,,,,,,,,,,,,,,,,,,,,,,,,,,,,,,,,,,,,,,,,,,,,,,,,,,,,,,,,,,,,,,,,,,,,,,,,,,,,,,,,,,,,,,,,,,,,,,,
100,安徽省,六安市,山东省,日照市,六安市日照市,674,-,省际,2,1,落后,落后,2,1,落后,落后,1,4.5 ,3.6 ,0.9 ,94,六安市-济南市-青岛市-日照市,六安市-合肥市-临沂市-日照市,1.2 ,55.3 ,-0.2 ,26.9 ,-4.6 ,0.0%,0.0%,92.9%,23.5%,T+2.2,0.0 ,T+1.1,-0.2 ,1.9 ,-0.2 ,12.0 ,-1.3 ,10.8 ,-0.9 ,26.2 ,1.4 ,4.5 ,1.0 ,70,2.1 ,8.7 ,7.5 ,6.6 ,1.9 ,-92.9%,,,,,,,,,100,3,,,,,,,,,,,,,,,,,,,,,,,,,,,,,,,,,,,,,,,,,,,,,,,,,,,,,,,,,,,,,,,,,,,,,,,,,,,,,,,,,,,,,,,,,,,,,,,,,,,,,,,,,,,,,,,,,,,,,,,,,,,,,,,,,,,,,,,,,,,,,,,,,,,,,,,,,,,,,,,,,,,,,,,,,,,,,,,,,,,,,,,,,,,,,,,
101,广西壮族自治区,贺州市,广东省,珠海市,贺州市珠海市,389,-,省际,1,1,持平,持平,1,1,持平,持平,1,3.7 ,3.3 ,0.4 ,112,贺州市-广州市-珠海市,贺州市-广州市-珠海市,1.1 ,49.6 ,,21.0 ,,7.1%,,100.0%,,T+2.1,,T+1.0,,2.4 ,,8.4 ,,5.9 ,,27.0 ,,6.0 ,,30,2.7 ,3.6 ,5.4 ,6.1 ,3.3 ,-92.9%,,,,,,,,,50,4,,,,,,,,,,,,,,,,,,,,,,,,,,,,,,,,,,,,,,,,,,,,,,,,,,,,,,,,,,,,,,,,,,,,,,,,,,,,,,,,,,,,,,,,,,,,,,,,,,,,,,,,,,,,,,,,,,,,,,,,,,,,,,,,,,,,,,,,,,,,,,,,,,,,,,,,,,,,,,,,,,,,,,,,,,,,,,,,,,,,,,,,,,,,,,,
102,江苏省,泰州市,山东省,日照市,泰州市日照市,408,-,省际,-,1,-,-,2,1,落后,落后,1,4.6 ,3.1 ,1.5 ,853,泰州市-济南市-青岛市-日照市,泰州市-连云港市-日照市,1.1 ,51.9 ,1.7 ,23.5 ,-2.0 ,0.0%,0.0%,92.9%,1.5%,T+2.2,0.0 ,T+1.1,0.0 ,1.7 ,-0.2 ,13.7 ,1.1 ,8.3 ,1.1 ,24.3 ,-0.8 ,3.9 ,0.4 ,99,1.7 ,12.5 ,3.6 ,3.5 ,2.2 ,-92.9%,,,,,,,,,100,30,,,,,,,,,,,,,,,,,,,,,,,,,,,,,,,,,,,,,,,,,,,,,,,,,,,,,,,,,,,,,,,,,,,,,,,,,,,,,,,,,,,,,,,,,,,,,,,,,,,,,,,,,,,,,,,,,,,,,,,,,,,,,,,,,,,,,,,,,,,,,,,,,,,,,,,,,,,,,,,,,,,,,,,,,,,,,,,,,,,,,,,,,,,,,,,
103,湖南省,湘西土家族苗族自治州,江西省,南昌市,湘西土家族苗族自治州南昌市,746,-,省际,1,1,持平,持平,2,1,落后,落后,1,3.4 ,3.3 ,0.1 ,631,湘西土家族苗族自治州-常德市-南昌市,湘西土家族苗族自治州-长沙市-南昌市,1.3 ,54.5 ,4.4 ,22.9 ,-2.1 ,7.1%,-15.2%,100.0%,4.3%,T+2.3,0.2 ,T+1.0,0.0 ,7.3 ,0.0 ,18.1 ,1.4 ,8.2 ,0.7 ,15.4 ,1.7 ,5.4 ,0.5 ,36,1.8 ,11.4 ,5.5 ,2.4 ,1.8 ,-92.9%,,,,,,,1,,100,26,,,,,,,,,,,,,,,,,,,,,,,,,,,,,,,,,,,,,,,,,,,,,,,,,,,,,,,,,,,,,,,,,,,,,,,,,,,,,,,,,,,,,,,,,,,,,,,,,,,,,,,,,,,,,,,,,,,,,,,,,,,,,,,,,,,,,,,,,,,,,,,,,,,,,,,,,,,,,,,,,,,,,,,,,,,,,,,,,,,,,,,,,,,,,,,
104,湖北省,襄阳市,河南省,安阳市,襄阳市安阳市,567,-,省际,1,1,持平,持平,2,1,落后,落后,1,3.6 ,3.5 ,0.1 ,865,襄阳市-郑州市-安阳市,襄阳市-郑州市-安阳市,1.4 ,56.4 ,-1.5 ,29.9 ,-9.1 ,0.6%,-0.4%,93.5%,33.0%,T+2.5,-0.1 ,T+1.1,-0.4 ,5.5 ,-0.5 ,16.4 ,-0.5 ,9.6 ,-0.4 ,20.0 ,0.1 ,4.8 ,-0.4 ,46,2.9 ,9.5 ,6.7 ,8.1 ,2.7 ,-92.9%,,,,,,,1,,100,31,,,,,,,,,,,,,,,,,,,,,,,,,,,,,,,,,,,,,,,,,,,,,,,,,,,,,,,,,,,,,,,,,,,,,,,,,,,,,,,,,,,,,,,,,,,,,,,,,,,,,,,,,,,,,,,,,,,,,,,,,,,,,,,,,,,,,,,,,,,,,,,,,,,,,,,,,,,,,,,,,,,,,,,,,,,,,,,,,,,,,,,,,,,,,,,
105,辽宁省,本溪市,河北省,秦皇岛市,本溪市秦皇岛市,453,-,省际,2,1,落后,落后,2,1,落后,落后,1,5.3 ,2.9 ,2.4 ,72,本溪市-沈阳市-唐山市-秦皇岛市,本溪市-沈阳市-秦皇岛市,1.4 ,55.3 ,-12.5 ,22.8 ,-1.4 ,4.2%,4.2%,97.1%,4.4%,T+2.5,-0.5 ,T+1.0,0.0 ,6.1 ,0.5 ,14.0 ,-1.2 ,11.4 ,-3.8 ,18.5 ,-7.5 ,5.4 ,-0.5 ,68,1.5 ,9.5 ,7.2 ,3.1 ,1.5 ,-92.9%,,,,,,,,,100,2,,,,,,,,,,,,,,,,,,,,,,,,,,,,,,,,,,,,,,,,,,,,,,,,,,,,,,,,,,,,,,,,,,,,,,,,,,,,,,,,,,,,,,,,,,,,,,,,,,,,,,,,,,,,,,,,,,,,,,,,,,,,,,,,,,,,,,,,,,,,,,,,,,,,,,,,,,,,,,,,,,,,,,,,,,,,,,,,,,,,,,,,,,,,,,,
106,安徽省,宣城市,湖北省,黄石市,宣城市黄石市,480,-,省际,1,1,持平,持平,2,1,落后,落后,1,4.5 ,3.9 ,0.6 ,125,宣城市-芜湖市-武汉市-黄石市,宣城市-芜湖市-武汉市-鄂州市-黄石市,1.4 ,55.1 ,-0.6 ,27.0 ,-3.5 ,4.0%,0.9%,96.8%,10.8%,T+2.4,-0.1 ,T+1.0,-0.2 ,3.6 ,-0.6 ,17.5 ,-0.3 ,7.1 ,-0.1 ,23.0 ,0.4 ,4.0 ,0.1 ,63,2.7 ,7.6 ,8.0 ,6.9 ,1.8 ,-92.8%,,,,,,,,,100,4,,,,,,,,,,,,,,,,,,,,,,,,,,,,,,,,,,,,,,,,,,,,,,,,,,,,,,,,,,,,,,,,,,,,,,,,,,,,,,,,,,,,,,,,,,,,,,,,,,,,,,,,,,,,,,,,,,,,,,,,,,,,,,,,,,,,,,,,,,,,,,,,,,,,,,,,,,,,,,,,,,,,,,,,,,,,,,,,,,,,,,,,,,,,,,,
107,湖南省,湘潭市,广东省,中山市,湘潭市中山市,723,劣势线路,省际,2,1,落后,落后,2,1,落后,落后,1,3.9 ,3.1 ,0.8 ,"2,085",湘潭市-长沙市-中山市,湘潭市-清远市-中山市,1.2 ,52.1 ,-0.5 ,26.7 ,-4.4 ,3.0%,-1.8%,95.8%,18.2%,T+2.2,0.0 ,T+1.0,-0.2 ,4.1 ,0.3 ,13.7 ,0.9 ,11.4 ,-0.4 ,17.3 ,-1.6 ,5.6 ,0.2 ,213,4.1 ,4.8 ,8.8 ,6.2 ,2.7 ,-92.8%,,,,,,,,,400,73,1,,,,,,,,,,,,,,,,,,,,,,,,,,,,,,,,,,,,,,,,,,,,,,,,,,,,,,,,,,,,,,,,,,,,,,,,,,,,,,,,,,,,,,,,,,,,,,,,,,,,,,,,,,,,,,,,,,,,,,,,,,,,,,,,,,,,,,,,,,,,,,,,,,,,,,,,,,,,,,,,,,,,,,,,,,,,,,,,,,,,,,,,,,,,,,
108,安徽省,蚌埠市,河南省,焦作市,蚌埠市焦作市,561,-,省际,1,1,持平,持平,2,1,落后,落后,1,3.8 ,3.2 ,0.6 ,"1,792",蚌埠市-郑州市-焦作市,蚌埠市-漯河市-焦作市,1.1 ,50.7 ,,28.5 ,,5.1%,,97.9%,,T+2.1,,T+1.0,,3.8 ,,11.4 ,,10.5 ,,21.8 ,,3.2 ,,48,3.0 ,9.3 ,5.3 ,9.1 ,1.9 ,-92.8%,,,,,,,,,100,63,,,,,,,,,,,,,,,,,,,,,,,,,,,,,,,,,,,,,,,,,,,,,,,,,,,,,,,,,,,,,,,,,,,,,,,,,,,,,,,,,,,,,,,,,,,,,,,,,,,,,,,,,,,,,,,,,,,,,,,,,,,,,,,,,,,,,,,,,,,,,,,,,,,,,,,,,,,,,,,,,,,,,,,,,,,,,,,,,,,,,,,,,,,,,,,
109,吉林省,四平市,辽宁省,鞍山市,四平市鞍山市,298,劣势线路,省际,2,1,落后,落后,2,1,落后,落后,1,4.3 ,3.9 ,0.4 ,"2,665",四平市-长春市-沈阳市-鞍山市,四平市-沈阳市-鞍山市,1.4 ,55.3 ,-1.5 ,26.9 ,-1.1 ,3.6%,0.7%,96.3%,0.9%,T+2.4,-0.1 ,T+1.0,0.0 ,8.6 ,-0.4 ,12.1 ,-0.5 ,6.1 ,-0.4 ,22.9 ,-0.4 ,5.6 ,0.1 ,164,3.6 ,3.3 ,4.3 ,10.1 ,5.7 ,-92.7%,,,,,,1,,,300,97,1,,,,,,,,,,,,,,,,,,,,,,,,,,,,,,,,,,,,,,,,,,,,,,,,,,,,,,,,,,,,,,,,,,,,,,,,,,,,,,,,,,,,,,,,,,,,,,,,,,,,,,,,,,,,,,,,,,,,,,,,,,,,,,,,,,,,,,,,,,,,,,,,,,,,,,,,,,,,,,,,,,,,,,,,,,,,,,,,,,,,,,,,,,,,,,
110,安徽省,宣城市,河南省,郑州市,宣城市郑州市,769,劣势线路,省际,1,1,持平,持平,2,1,落后,落后,1,3.7 ,2.9 ,0.8 ,"3,045",宣城市-合肥市-郑州市,宣城市-芜湖市-郑州市,1.3 ,52.8 ,1.6 ,27.4 ,-0.7 ,5.6%,0.7%,98.3%,5.9%,T+2.3,0.1 ,T+1.0,-0.1 ,3.5 ,0.1 ,18.2 ,2.1 ,11.5 ,-0.6 ,14.2 ,0.0 ,5.4 ,-0.1 ,544,3.5 ,7.8 ,10.0 ,4.1 ,2.0 ,-92.7%,,,,,,,,,600,105,1,,,,,,,,,,,,,,,,,,,,,,,,,,,,,,,,,,,,,,,,,,,,,,,,,,,,,,,,,,,,,,,,,,,,,,,,,,,,,,,,,,,,,,,,,,,,,,,,,,,,,,,,,,,,,,,,,,,,,,,,,,,,,,,,,,,,,,,,,,,,,,,,,,,,,,,,,,,,,,,,,,,,,,,,,,,,,,,,,,,,,,,,,,,,,,
111,河北省,邯郸市,河南省,鹤壁市,邯郸市鹤壁市,107,-,省际,-,1,-,-,-,1,-,-,1,3.5 ,2.3 ,1.2 ,145,邯郸市-郑州市-鹤壁市,邯郸市-安阳市-鹤壁市,1.3 ,53.9 ,4.2 ,22.4 ,-2.8 ,1.4%,-15.7%,94.1%,3.7%,T+2.4,0.2 ,T+1.1,0.0 ,8.1 ,-0.9 ,12.9 ,0.4 ,6.0 ,0.6 ,22.4 ,3.6 ,4.6 ,0.7 ,68,2.8 ,5.3 ,3.2 ,7.5 ,3.5 ,-92.7%,,,,,,,,,100,5,,,,,,,,,,,,,,,,,,,,,,,,,,,,,,,,,,,,,,,,,,,,,,,,,,,,,,,,,,,,,,,,,,,,,,,,,,,,,,,,,,,,,,,,,,,,,,,,,,,,,,,,,,,,,,,,,,,,,,,,,,,,,,,,,,,,,,,,,,,,,,,,,,,,,,,,,,,,,,,,,,,,,,,,,,,,,,,,,,,,,,,,,,,,,,,
112,福建省,漳州市,广东省,汕尾市,漳州市汕尾市,379,-,省际,2,1,落后,落后,2,1,落后,落后,1,3.7 ,3.2 ,0.5 ,880,漳州市-广州市-汕尾市,漳州市-揭阳市-汕尾市,1.2 ,53.5 ,0.1 ,26.2 ,-1.8 ,0.3%,-0.4%,92.9%,7.4%,T+2.3,0.1 ,T+1.1,-0.1 ,5.8 ,0.7 ,11.0 ,0.3 ,9.7 ,-0.3 ,22.6 ,0.2 ,4.5 ,-0.7 ,155,2.8 ,6.8 ,4.2 ,9.8 ,2.6 ,-92.6%,,,,,,,,,400,35,,,,,,,,,,,,,,,,,,,,,,,,,,,,,,,,,,,,,,,,,,,,,,,,,,,,,,,,,,,,,,,,,,,,,,,,,,,,,,,,,,,,,,,,,,,,,,,,,,,,,,,,,,,,,,,,,,,,,,,,,,,,,,,,,,,,,,,,,,,,,,,,,,,,,,,,,,,,,,,,,,,,,,,,,,,,,,,,,,,,,,,,,,,,,,,
113,广西壮族自治区,北海市,广东省,茂名市,北海市茂名市,253,-,省际,2,1,落后,落后,2,1,落后,落后,1,4.1 ,2.8 ,1.3 ,198,北海市-南宁市-广州市-茂名市,北海市-湛江市-茂名市,1.1 ,50.2 ,-4.5 ,24.5 ,-2.6 ,5.1%,3.4%,97.7%,14.2%,T+2.1,-0.2 ,T+1.0,-0.2 ,2.0 ,-0.3 ,15.0 ,-1.0 ,8.3 ,-0.9 ,20.5 ,-0.3 ,4.4 ,-2.0 ,88,3.9 ,6.4 ,5.4 ,5.7 ,3.0 ,-92.6%,,,,,,,,,200,7,,,,,,,,,,,,,,,,,,,,,,,,,,,,,,,,,,,,,,,,,,,,,,,,,,,,,,,,,,,,,,,,,,,,,,,,,,,,,,,,,,,,,,,,,,,,,,,,,,,,,,,,,,,,,,,,,,,,,,,,,,,,,,,,,,,,,,,,,,,,,,,,,,,,,,,,,,,,,,,,,,,,,,,,,,,,,,,,,,,,,,,,,,,,,,,
114,江苏省,连云港市,山东省,菏泽市,连云港市菏泽市,435,劣势线路,省际,1,1,持平,持平,2,1,落后,落后,1,3.9 ,3.0 ,0.9 ,"1,926",连云港市-济南市-菏泽市,连云港市-济南市-菏泽市,1.0 ,49.4 ,0.3 ,27.3 ,1.1 ,2.4%,1.1%,95.0%,-1.3%,T+2.1,0.0 ,T+1.1,0.0 ,1.7 ,0.0 ,9.9 ,0.7 ,6.2 ,-0.6 ,27.9 ,-0.1 ,3.7 ,0.2 ,"1,089",2.5 ,5.3 ,6.2 ,10.9 ,2.5 ,-92.6%,,,,,,,,,"1,600",122,1,,,,,,,,,,,,,,,,,,,,,,,,,,,,,,,,,,,,,,,,,,,,,,,,,,,,,,,,,,,,,,,,,,,,,,,,,,,,,,,,,,,,,,,,,,,,,,,,,,,,,,,,,,,,,,,,,,,,,,,,,,,,,,,,,,,,,,,,,,,,,,,,,,,,,,,,,,,,,,,,,,,,,,,,,,,,,,,,,,,,,,,,,,,,,,
115,河南省,信阳市,安徽省,滁州市,信阳市滁州市,448,-,省际,2,1,落后,落后,2,1,落后,落后,1,4.5 ,3.9 ,0.6 ,222,信阳市-郑州市-南京市-滁州市,信阳市-合肥市-滁州市,1.6 ,64.6 ,-3.0 ,24.3 ,-6.4 ,2.7%,-1.5%,95.3%,23.2%,T+2.7,-0.2 ,T+1.1,-0.3 ,8.1 ,0.3 ,19.6 ,0.9 ,22.3 ,-5.3 ,8.5 ,0.0 ,6.1 ,1.2 ,43,2.0 ,6.0 ,6.0 ,7.8 ,2.5 ,-92.6%,,,,,,,,,200,13,,,,,,,,,,,,,,,,,,,,,,,,,,,,,,,,,,,,,,,,,,,,,,,,,,,,,,,,,,,,,,,,,,,,,,,,,,,,,,,,,,,,,,,,,,,,,,,,,,,,,,,,,,,,,,,,,,,,,,,,,,,,,,,,,,,,,,,,,,,,,,,,,,,,,,,,,,,,,,,,,,,,,,,,,,,,,,,,,,,,,,,,,,,,,,,
116,安徽省,滁州市,山东省,日照市,滁州市日照市,453,-,省际,2,1,落后,落后,2,1,落后,落后,1,4.2 ,3.7 ,0.5 ,276,滁州市-南京市-青岛市-日照市,滁州市-南京市-连云港市-日照市,1.2 ,54.2 ,-0.7 ,27.1 ,-1.7 ,0.0%,-0.5%,92.5%,7.3%,T+2.3,0.0 ,T+1.1,-0.1 ,4.8 ,1.0 ,9.8 ,0.0 ,13.4 ,-0.6 ,22.7 ,-0.8 ,3.6 ,-0.1 ,80,2.3 ,4.5 ,12.4 ,5.6 ,2.3 ,-92.5%,,,,,,,,,100,12,,,,,,,,,,,,,,,,,,,,,,,,,,,,,,,,,,,,,,,,,,,,,,,,,,,,,,,,,,,,,,,,,,,,,,,,,,,,,,,,,,,,,,,,,,,,,,,,,,,,,,,,,,,,,,,,,,,,,,,,,,,,,,,,,,,,,,,,,,,,,,,,,,,,,,,,,,,,,,,,,,,,,,,,,,,,,,,,,,,,,,,,,,,,,,,
117,江苏省,泰州市,山东省,济宁市,泰州市济宁市,548,-,省际,-,1,-,-,2,1,落后,落后,1,4.6 ,3.1 ,1.4 ,"2,188",泰州市-无锡市-临沂市-济宁市,泰州市-徐州市-济宁市,1.1 ,50.4 ,1.7 ,25.4 ,-8.8 ,5.7%,-2.7%,98.2%,49.8%,T+2.1,0.0 ,T+1.0,-0.5 ,1.8 ,-0.3 ,14.9 ,0.6 ,7.7 ,0.5 ,22.3 ,0.7 ,3.7 ,0.2 ,168,2.2 ,14.6 ,3.6 ,3.1 ,1.9 ,-92.5%,,,,,,,,,200,78,,,,,,,,,,,,,,,,,,,,,,,,,,,,,,,,,,,,,,,,,,,,,,,,,,,,,,,,,,,,,,,,,,,,,,,,,,,,,,,,,,,,,,,,,,,,,,,,,,,,,,,,,,,,,,,,,,,,,,,,,,,,,,,,,,,,,,,,,,,,,,,,,,,,,,,,,,,,,,,,,,,,,,,,,,,,,,,,,,,,,,,,,,,,,,,
118,安徽省,铜陵市,山东省,淄博市,铜陵市淄博市,833,-,省际,1,1,持平,持平,2,1,落后,落后,1,4.6 ,3.5 ,1.1 ,193,铜陵市-合肥市-济南市-淄博市,铜陵市-芜湖市-临沂市-淄博市,1.2 ,52.7 ,,27.0 ,,1.6%,,94.1%,,T+2.3,,T+1.1,,3.2 ,,15.3 ,,11.2 ,,18.4 ,,4.5 ,,34,2.7 ,5.7 ,8.9 ,7.5 ,2.2 ,-92.5%,,,,,,,,,30,7,,,,,,,,,,,,,,,,,,,,,,,,,,,,,,,,,,,,,,,,,,,,,,,,,,,,,,,,,,,,,,,,,,,,,,,,,,,,,,,,,,,,,,,,,,,,,,,,,,,,,,,,,,,,,,,,,,,,,,,,,,,,,,,,,,,,,,,,,,,,,,,,,,,,,,,,,,,,,,,,,,,,,,,,,,,,,,,,,,,,,,,,,,,,,,,
119,河北省,秦皇岛市,辽宁省,铁岭市,秦皇岛市铁岭市,464,-,省际,2,1,落后,落后,2,1,落后,落后,1,4.1 ,2.0 ,2.1 ,59,秦皇岛市-北京市-沈阳市-铁岭市,秦皇岛市-沈阳市-铁岭市,1.2 ,53.7 ,-3.6 ,21.9 ,1.0 ,5.1%,5.1%,97.5%,-2.5%,T+2.3,-0.2 ,T+1.0,0.0 ,4.2 ,-0.6 ,9.9 ,-2.4 ,15.7 ,0.2 ,19.5 ,1.3 ,4.5 ,-2.1 ,40,2.8 ,4.9 ,7.0 ,4.6 ,2.7 ,-92.4%,,,,,,,,,100,2,,,,,,,,,,,,,,,,,,,,,,,,,,,,,,,,,,,,,,,,,,,,,,,,,,,,,,,,,,,,,,,,,,,,,,,,,,,,,,,,,,,,,,,,,,,,,,,,,,,,,,,,,,,,,,,,,,,,,,,,,,,,,,,,,,,,,,,,,,,,,,,,,,,,,,,,,,,,,,,,,,,,,,,,,,,,,,,,,,,,,,,,,,,,,,,
120,内蒙古自治区,通辽市,吉林省,辽源市,通辽市辽源市,390,-,省际,2,1,落后,落后,2,1,落后,落后,1,4.5 ,3.1 ,1.4 ,86,通辽市-沈阳市-长春市-辽源市,通辽市-沈阳市-辽源市,1.6 ,58.3 ,-0.3 ,25.9 ,0.8 ,0.0%,0.0%,92.3%,-4.6%,T+2.6,0.0 ,T+1.1,0.1 ,11.1 ,-1.2 ,7.0 ,-0.4 ,20.0 ,-0.5 ,17.1 ,1.7 ,3.1 ,0.1 ,39,4.3 ,3.0 ,9.1 ,6.8 ,2.7 ,-92.3%,,,,,,,,,100,3,,,,,,,,,,,,,,,,,,,,,,,,,,,,,,,,,,,,,,,,,,,,,,,,,,,,,,,,,,,,,,,,,,,,,,,,,,,,,,,,,,,,,,,,,,,,,,,,,,,,,,,,,,,,,,,,,,,,,,,,,,,,,,,,,,,,,,,,,,,,,,,,,,,,,,,,,,,,,,,,,,,,,,,,,,,,,,,,,,,,,,,,,,,,,,,
121,安徽省,滁州市,湖北省,仙桃市,滁州市仙桃市,600,-,省际,2,1,落后,落后,2,1,落后,落后,1,3.9 ,3.9 ,0.0 ,"1,555",滁州市-合肥市-武汉市-仙桃市,滁州市-蚌埠市-武汉市-仙桃市,1.1 ,50.7 ,,28.7 ,,7.7%,,100.0%,,T+2.1,,T+1.0,,6.2 ,,11.6 ,,10.1 ,,19.7 ,,3.1 ,,36,4.3 ,7.6 ,8.1 ,6.7 ,2.0 ,-92.3%,,,,,,,,,100,80,,,,,,,,,,,,,,,,,,,,,,,,,,,,,,,,,,,,,,,,,,,,,,,,,,,,,,,,,,,,,,,,,,,,,,,,,,,,,,,,,,,,,,,,,,,,,,,,,,,,,,,,,,,,,,,,,,,,,,,,,,,,,,,,,,,,,,,,,,,,,,,,,,,,,,,,,,,,,,,,,,,,,,,,,,,,,,,,,,,,,,,,,,,,,,,
122,安徽省,铜陵市,山东省,临沂市,铜陵市临沂市,589,-,省际,2,1,落后,落后,2,1,落后,落后,1,4.0 ,2.9 ,1.1 ,"1,008",铜陵市-安庆市-济南市-临沂市,铜陵市-芜湖市-临沂市,1.2 ,52.2 ,,24.0 ,,2.4%,,94.7%,,T+2.3,,T+1.1,,3.5 ,,16.2 ,,11.0 ,,16.8 ,,4.8 ,,38,3.2 ,5.5 ,9.1 ,2.8 ,3.4 ,-92.3%,,,,,,,,,40,34,,,,,,,,,,,,,,,,,,,,,,,,,,,,,,,,,,,,,,,,,,,,,,,,,,,,,,,,,,,,,,,,,,,,,,,,,,,,,,,,,,,,,,,,,,,,,,,,,,,,,,,,,,,,,,,,,,,,,,,,,,,,,,,,,,,,,,,,,,,,,,,,,,,,,,,,,,,,,,,,,,,,,,,,,,,,,,,,,,,,,,,,,,,,,,,
123,湖北省,襄阳市,江西省,南昌市,襄阳市南昌市,681,-,省际,2,1,落后,落后,2,1,落后,落后,1,3.4 ,3.2 ,0.2 ,"1,093",襄阳市-武汉市-南昌市,襄阳市-武汉市-南昌市,1.4 ,55.2 ,-1.8 ,25.4 ,-0.9 ,2.6%,-0.9%,94.9%,3.9%,T+2.4,-0.1 ,T+1.1,0.0 ,5.4 ,-0.5 ,22.7 ,-0.4 ,7.0 ,-0.3 ,15.0 ,-0.5 ,5.1 ,-0.2 ,59,3.5 ,9.3 ,6.1 ,3.5 ,2.9 ,-92.3%,,,,,,,1,,200,41,,,,,,,,,,,,,,,,,,,,,,,,,,,,,,,,,,,,,,,,,,,,,,,,,,,,,,,,,,,,,,,,,,,,,,,,,,,,,,,,,,,,,,,,,,,,,,,,,,,,,,,,,,,,,,,,,,,,,,,,,,,,,,,,,,,,,,,,,,,,,,,,,,,,,,,,,,,,,,,,,,,,,,,,,,,,,,,,,,,,,,,,,,,,,,,
124,江苏省,连云港市,山东省,青岛市,连云港市青岛市,254,劣势线路,省际,1,1,持平,持平,1,1,持平,持平,1,3.8 ,2.8 ,1.0 ,"2,721",连云港市-济南市-青岛市,连云港市-潍坊市-青岛市,1.0 ,47.2 ,-0.2 ,24.6 ,-0.1 ,7.7%,0.5%,99.9%,2.4%,T+2.0,0.0 ,T+1.0,0.0 ,1.7 ,-0.1 ,10.4 ,0.3 ,6.2 ,-0.4 ,24.6 ,0.2 ,4.3 ,-0.3 ,"3,027",2.3 ,4.7 ,6.4 ,9.2 ,2.0 ,-92.2%,,,,,,,,,"4,600",253,1,,,,,,,,,,,,,,,,,,,,,,,,,,,,,,,,,,,,,,,,,,,,,,,,,,,,,,,,,,,,,,,,,,,,,,,,,,,,,,,,,,,,,,,,,,,,,,,,,,,,,,,,,,,,,,,,,,,,,,,,,,,,,,,,,,,,,,,,,,,,,,,,,,,,,,,,,,,,,,,,,,,,,,,,,,,,,,,,,,,,,,,,,,,,,,
125,安徽省,阜阳市,河北省,邯郸市,阜阳市邯郸市,535,-,省际,2,1,落后,落后,2,1,落后,落后,1,4.3 ,3.2 ,1.1 ,"2,037",阜阳市-石家庄市-邯郸市,阜阳市-郑州市-邯郸市,1.5 ,61.6 ,-2.6 ,28.2 ,-5.2 ,0.1%,-0.2%,92.3%,23.1%,T+2.6,-0.1 ,T+1.1,-0.3 ,5.6 ,-0.1 ,15.9 ,-0.8 ,10.8 ,-2.3 ,24.3 ,0.5 ,5.0 ,0.0 ,195,2.3 ,6.0 ,13.3 ,4.5 ,2.1 ,-92.2%,,,,,,,,,300,87,,,,,,,,,,,,,,,,,,,,,,,,,,,,,,,,,,,,,,,,,,,,,,,,,,,,,,,,,,,,,,,,,,,,,,,,,,,,,,,,,,,,,,,,,,,,,,,,,,,,,,,,,,,,,,,,,,,,,,,,,,,,,,,,,,,,,,,,,,,,,,,,,,,,,,,,,,,,,,,,,,,,,,,,,,,,,,,,,,,,,,,,,,,,,,,
126,湖北省,襄阳市,河南省,洛阳市,襄阳市洛阳市,353,-,省际,1,1,持平,持平,2,1,落后,落后,1,3.9 ,3.2 ,0.7 ,878,襄阳市-郑州市-洛阳市,襄阳市-南阳市-洛阳市,1.4 ,56.7 ,-1.7 ,22.5 ,-5.8 ,2.9%,1.1%,95.1%,20.8%,T+2.5,-0.1 ,T+1.1,-0.2 ,5.4 ,-0.6 ,17.2 ,-1.0 ,9.4 ,-0.5 ,20.9 ,1.2 ,3.8 ,-0.8 ,41,2.6 ,5.4 ,3.2 ,7.1 ,4.1 ,-92.2%,,,,,,,1,,100,32,,,,,,,,,,,,,,,,,,,,,,,,,,,,,,,,,,,,,,,,,,,,,,,,,,,,,,,,,,,,,,,,,,,,,,,,,,,,,,,,,,,,,,,,,,,,,,,,,,,,,,,,,,,,,,,,,,,,,,,,,,,,,,,,,,,,,,,,,,,,,,,,,,,,,,,,,,,,,,,,,,,,,,,,,,,,,,,,,,,,,,,,,,,,,,,
127,安徽省,阜阳市,河南省,漯河市,阜阳市漯河市,236,-,省际,1,1,持平,持平,1,1,持平,持平,1,4.5 ,2.8 ,1.7 ,889,阜阳市-郑州市-漯河市,阜阳市-漯河市,1.5 ,58.0 ,0.3 ,23.9 ,-2.9 ,3.4%,0.1%,95.6%,7.1%,T+2.5,0.0 ,T+1.0,-0.1 ,5.4 ,-0.8 ,16.7 ,1.1 ,7.7 ,-1.1 ,24.1 ,1.1 ,4.1 ,0.0 ,68,2.6 ,5.8 ,4.9 ,7.3 ,3.3 ,-92.2%,,,,,,,,,100,38,,,,,,,,,,,,,,,,,,,,,,,,,,,,,,,,,,,,,,,,,,,,,,,,,,,,,,,,,,,,,,,,,,,,,,,,,,,,,,,,,,,,,,,,,,,,,,,,,,,,,,,,,,,,,,,,,,,,,,,,,,,,,,,,,,,,,,,,,,,,,,,,,,,,,,,,,,,,,,,,,,,,,,,,,,,,,,,,,,,,,,,,,,,,,,,
128,山东省,济南市,河北省,邯郸市,济南市邯郸市,258,劣势线路,省际,1,1,持平,持平,2,1,落后,落后,1,3.5 ,2.1 ,1.4 ,"9,721",济南市-石家庄市-邯郸市,济南市-邯郸市,1.1 ,47.2 ,0.6 ,22.1 ,-2.2 ,3.5%,-5.9%,95.7%,2.5%,T+2.1,0.1 ,T+1.0,0.0 ,1.1 ,-0.4 ,7.1 ,-0.5 ,6.1 ,-0.8 ,25.2 ,1.9 ,7.7 ,0.4 ,902,3.4 ,7.6 ,4.6 ,3.5 ,3.0 ,-92.2%,,,,,,,,,"2,000",356,1,,,,,,,,,,,,,,,,,,,,,,,,,,,,,,,,,,,,,,,,,,,,,,,,,,,,,,,,,,,,,,,,,,,,,,,,,,,,,,,,,,,,,,,,,,,,,,,,,,,,,,,,,,,,,,,,,,,,,,,,,,,,,,,,,,,,,,,,,,,,,,,,,,,,,,,,,,,,,,,,,,,,,,,,,,,,,,,,,,,,,,,,,,,,,,
129,安徽省,铜陵市,江苏省,宿迁市,铜陵市宿迁市,430,-,省际,2,1,落后,落后,2,1,落后,落后,1,4.7 ,3.3 ,1.4 ,569,铜陵市-芜湖市-淮安市-宿迁市,铜陵市-芜湖市-淮安市-宿迁市,1.2 ,51.5 ,,23.1 ,,7.9%,,100.0%,,T+2.2,,T+1.0,,2.5 ,,14.5 ,,6.3 ,,25.5 ,,2.7 ,,30,2.8 ,7.0 ,5.2 ,6.3 ,1.8 ,-92.1%,,1,,,,,,,50,20,,,,,,,,,,,,,,,,,,,,,,,,,,,,,,,,,,,,,,,,,,,,,,,,,,,,,,,,,,,,,,,,,,,,,,,,,,,,,,,,,,,,,,,,,,,,,,,,,,,,,,,,,,,,,,,,,,,,,,,,,,,,,,,,,,,,,,,,,,,,,,,,,,,,,,,,,,,,,,,,,,,,,,,,,,,,,,,,,,,,,,,,,,,,,,,
130,辽宁省,鞍山市,吉林省,辽源市,鞍山市辽源市,330,-,省际,1,1,持平,持平,2,1,落后,落后,1,3.5 ,2.8 ,0.7 ,513,鞍山市-沈阳市-长春市-辽源市,鞍山市-沈阳市-辽源市,1.1 ,46.9 ,-2.7 ,20.3 ,-1.3 ,5.3%,-0.4%,97.4%,4.7%,T+2.1,-0.1 ,T+1.0,-0.1 ,5.1 ,-0.8 ,13.4 ,-3.0 ,7.3 ,-1.5 ,18.0 ,1.9 ,3.2 ,0.7 ,39,2.9 ,7.2 ,4.5 ,3.1 ,2.6 ,-92.1%,,,,,,1,,,100,18,,,,,,,,,,,,,,,,,,,,,,,,,,,,,,,,,,,,,,,,,,,,,,,,,,,,,,,,,,,,,,,,,,,,,,,,,,,,,,,,,,,,,,,,,,,,,,,,,,,,,,,,,,,,,,,,,,,,,,,,,,,,,,,,,,,,,,,,,,,,,,,,,,,,,,,,,,,,,,,,,,,,,,,,,,,,,,,,,,,,,,,,,,,,,,,
131,安徽省,芜湖市,江苏省,连云港市,芜湖市连云港市,424,劣势线路,省际,2,1,落后,落后,2,1,落后,落后,1,3.4 ,2.1 ,1.3 ,"2,028",芜湖市-淮安市-连云港市,芜湖市-连云港市,1.3 ,55.0 ,2.7 ,22.7 ,-1.8 ,4.8%,-8.3%,96.9%,4.6%,T+2.3,0.2 ,T+1.0,-0.1 ,4.1 ,0.6 ,15.1 ,2.6 ,5.1 ,0.6 ,27.3 ,-1.3 ,3.4 ,0.3 ,319,3.6 ,5.9 ,7.4 ,3.5 ,2.3 ,-92.1%,,1,,,,,,,400,106,1,,,,,,,,,,,,,,,,,,,,,,,,,,,,,,,,,,,,,,,,,,,,,,,,,,,,,,,,,,,,,,,,,,,,,,,,,,,,,,,,,,,,,,,,,,,,,,,,,,,,,,,,,,,,,,,,,,,,,,,,,,,,,,,,,,,,,,,,,,,,,,,,,,,,,,,,,,,,,,,,,,,,,,,,,,,,,,,,,,,,,,,,,,,,,,
132,广西壮族自治区,梧州市,广东省,珠海市,梧州市珠海市,345,-,省际,1,1,持平,持平,1,1,持平,持平,1,3.4 ,3.3 ,0.1 ,202,梧州市-广州市-珠海市,梧州市-中山市-珠海市,1.2 ,52.7 ,2.9 ,24.6 ,3.5 ,1.5%,0.5%,93.5%,-6.5%,T+2.3,0.2 ,T+1.1,0.1 ,4.4 ,1.1 ,6.5 ,0.2 ,4.6 ,-0.9 ,30.3 ,1.1 ,6.9 ,1.4 ,31,4.0 ,3.3 ,5.9 ,7.2 ,4.3 ,-92.0%,,,,,,,,,100,7,,,,,,,,,,,,,,,,,,,,,,,,,,,,,,,,,,,,,,,,,,,,,,,,,,,,,,,,,,,,,,,,,,,,,,,,,,,,,,,,,,,,,,,,,,,,,,,,,,,,,,,,,,,,,,,,,,,,,,,,,,,,,,,,,,,,,,,,,,,,,,,,,,,,,,,,,,,,,,,,,,,,,,,,,,,,,,,,,,,,,,,,,,,,,,,
133,福建省,南平市,广东省,汕尾市,南平市汕尾市,657,-,省际,3,1,落后,落后,2,1,落后,落后,1,4.3 ,3.2 ,1.1 ,976,南平市-福州市-广州市-汕尾市,南平市-揭阳市-汕尾市,1.2 ,55.7 ,-2.0 ,27.8 ,-1.7 ,0.0%,0.0%,92.0%,2.8%,T+2.3,0.0 ,T+1.1,0.0 ,3.4 ,-0.3 ,14.0 ,-3.0 ,10.1 ,0.1 ,23.5 ,1.3 ,4.7 ,-0.1 ,75,4.2 ,6.4 ,8.7 ,6.5 ,1.9 ,-92.0%,,,,,,,,,100,59,,,,,,,,,,,,,,,,,,,,,,,,,,,,,,,,,,,,,,,,,,,,,,,,,,,,,,,,,,,,,,,,,,,,,,,,,,,,,,,,,,,,,,,,,,,,,,,,,,,,,,,,,,,,,,,,,,,,,,,,,,,,,,,,,,,,,,,,,,,,,,,,,,,,,,,,,,,,,,,,,,,,,,,,,,,,,,,,,,,,,,,,,,,,,,,
134,山东省,青岛市,河北省,衡水市,青岛市衡水市,566,劣势线路,省际,1,1,持平,持平,2,1,落后,落后,1,3.6 ,3.0 ,0.5 ,"6,626",青岛市-石家庄市-衡水市,青岛市-济南市-衡水市,1.2 ,55.2 ,-5.5 ,26.4 ,-4.8 ,0.6%,-0.3%,92.4%,17.5%,T+2.3,-0.3 ,T+1.1,-0.2 ,4.3 ,0.4 ,10.5 ,-0.5 ,10.2 ,-1.2 ,23.2 ,-4.8 ,7.0 ,0.7 ,"1,001",3.2 ,9.7 ,6.2 ,3.9 ,3.3 ,-91.8%,,,,,,,,,"1,200",235,1,,,,,,,,,,,,,,,,,,,,,,,,,,,,,,,,,,,,,,,,,,,,,,,,,,,,,,,,,,,,,,,,,,,,,,,,,,,,,,,,,,,,,,,,,,,,,,,,,,,,,,,,,,,,,,,,,,,,,,,,,,,,,,,,,,,,,,,,,,,,,,,,,,,,,,,,,,,,,,,,,,,,,,,,,,,,,,,,,,,,,,,,,,,,,,
135,安徽省,阜阳市,江西省,南昌市,阜阳市南昌市,566,劣势线路,省际,2,1,落后,落后,1,1,持平,持平,1,4.0 ,2.5 ,1.5 ,"3,977",阜阳市-合肥市-南昌市,阜阳市-合肥市-南昌市,1.5 ,59.9 ,-0.9 ,25.2 ,-0.5 ,1.8%,-0.2%,93.6%,3.5%,T+2.6,-0.1 ,T+1.1,-0.1 ,5.7 ,-0.2 ,24.1 ,-0.3 ,9.6 ,0.1 ,15.5 ,-0.7 ,4.9 ,0.1 ,327,3.0 ,7.5 ,7.3 ,3.8 ,3.5 ,-91.8%,,,,,,,,,600,166,1,,,,,,,,,,,,,,,,,,,,,,,,,,,,,,,,,,,,,,,,,,,,,,,,,,,,,,,,,,,,,,,,,,,,,,,,,,,,,,,,,,,,,,,,,,,,,,,,,,,,,,,,,,,,,,,,,,,,,,,,,,,,,,,,,,,,,,,,,,,,,,,,,,,,,,,,,,,,,,,,,,,,,,,,,,,,,,,,,,,,,,,,,,,,,,
136,广东省,河源市,湖南省,长沙市,河源市长沙市,682,-,省际,1,1,持平,持平,2,1,落后,落后,1,3.4 ,2.1 ,1.3 ,193,河源市-广州市-长沙市,河源市-长沙市,1.1 ,51.4 ,1.7 ,29.1 ,-4.4 ,0.0%,0.0%,91.8%,24.6%,T+2.2,0.1 ,T+1.1,-0.3 ,3.8 ,0.1 ,15.6 ,-0.4 ,11.0 ,0.5 ,14.1 ,-0.2 ,6.9 ,1.7 ,97,4.1 ,7.2 ,11.3 ,4.2 ,2.4 ,-91.8%,,,,,,,,,200,7,,,,,,,,,,,,,,,,,,,,,,,,,,,,,,,,,,,,,,,,,,,,,,,,,,,,,,,,,,,,,,,,,,,,,,,,,,,,,,,,,,,,,,,,,,,,,,,,,,,,,,,,,,,,,,,,,,,,,,,,,,,,,,,,,,,,,,,,,,,,,,,,,,,,,,,,,,,,,,,,,,,,,,,,,,,,,,,,,,,,,,,,,,,,,,,
137,湖北省,襄阳市,河南省,南阳市,襄阳市南阳市,138,-,省际,2,1,落后,落后,2,1,落后,落后,1,4.1 ,2.2 ,1.9 ,980,襄阳市-郑州市-南阳市,襄阳市-南阳市,1.4 ,56.9 ,-1.2 ,24.5 ,-4.7 ,6.0%,3.2%,97.8%,19.4%,T+2.4,-0.1 ,T+1.0,-0.2 ,4.7 ,-0.2 ,16.0 ,-0.4 ,8.7 ,-0.2 ,22.6 ,-0.6 ,5.0 ,0.2 ,46,3.5 ,5.5 ,3.3 ,7.1 ,5.2 ,-91.8%,,,,,,,1,,200,36,,,,,,,,,,,,,,,,,,,,,,,,,,,,,,,,,,,,,,,,,,,,,,,,,,,,,,,,,,,,,,,,,,,,,,,,,,,,,,,,,,,,,,,,,,,,,,,,,,,,,,,,,,,,,,,,,,,,,,,,,,,,,,,,,,,,,,,,,,,,,,,,,,,,,,,,,,,,,,,,,,,,,,,,,,,,,,,,,,,,,,,,,,,,,,,
138,广东省,珠海市,广西壮族自治区,防城港市,珠海市防城港市,644,-,省际,2,1,落后,落后,2,1,落后,落后,1,5.0 ,3.0 ,2.0 ,809,珠海市-深圳市-南京市-南宁市-防城港市,珠海市-江门市-钦州市-防城港市,1.4 ,56.8 ,0.3 ,24.9 ,-4.4 ,2.1%,1.1%,93.9%,24.5%,T+2.5,0.0 ,T+1.1,-0.3 ,0.9 ,-0.1 ,13.0 ,-1.8 ,11.7 ,0.3 ,21.9 ,2.0 ,9.3 ,-0.1 ,33,2.3 ,8.6 ,7.9 ,3.5 ,2.6 ,-91.8%,,,,,,,,,100,31,,,,,,,,,,,,,,,,,,,,,,,,,,,,,,,,,,,,,,,,,,,,,,,,,,,,,,,,,,,,,,,,,,,,,,,,,,,,,,,,,,,,,,,,,,,,,,,,,,,,,,,,,,,,,,,,,,,,,,,,,,,,,,,,,,,,,,,,,,,,,,,,,,,,,,,,,,,,,,,,,,,,,,,,,,,,,,,,,,,,,,,,,,,,,,,
139,贵州省,贵阳市,广西壮族自治区,南宁市,贵阳市南宁市,589,劣势线路,省际,1,1,持平,持平,2,1,落后,落后,1,2.6 ,2.0 ,0.6 ,"1,177",贵阳市-南宁市,贵阳市-南宁市,1.1 ,48.3 ,-0.1 ,27.4 ,-2.7 ,3.4%,-1.7%,95.2%,12.4%,T+2.1,0.0 ,T+1.1,-0.1 ,2.1 ,0.0 ,12.3 ,-0.9 ,9.3 ,0.1 ,18.4 ,0.3 ,6.3 ,0.4 ,330,3.7 ,8.3 ,9.6 ,3.2 ,2.6 ,-91.8%,1,,,,,,,,"1,100",48,1,,,,,,,,,,,,,,,,,,,,,,,,,,,,,,,,,,,,,,,,,,,,,,,,,,,,,,,,,,,,,,,,,,,,,,,,,,,,,,,,,,,,,,,,,,,,,,,,,,,,,,,,,,,,,,,,,,,,,,,,,,,,,,,,,,,,,,,,,,,,,,,,,,,,,,,,,,,,,,,,,,,,,,,,,,,,,,,,,,,,,,,,,,,,,,
140,安徽省,宿州市,江西省,南昌市,宿州市南昌市,662,-,省际,1,1,持平,持平,1,1,持平,持平,1,3.3 ,2.5 ,0.8 ,"3,862",宿州市-徐州市-南昌市,宿州市-蚌埠市-南昌市,1.3 ,53.7 ,-3.0 ,24.7 ,-1.6 ,5.8%,1.5%,97.6%,5.9%,T+2.3,-0.1 ,T+1.0,-0.1 ,6.7 ,0.0 ,10.0 ,-1.9 ,16.4 ,1.2 ,15.6 ,-2.6 ,4.9 ,0.2 ,290,2.3 ,7.7 ,9.4 ,2.8 ,2.5 ,-91.8%,,,,,,,,,800,133,,,,,,,,,,,,,,,,,,,,,,,,,,,,,,,,,,,,,,,,,,,,,,,,,,,,,,,,,,,,,,,,,,,,,,,,,,,,,,,,,,,,,,,,,,,,,,,,,,,,,,,,,,,,,,,,,,,,,,,,,,,,,,,,,,,,,,,,,,,,,,,,,,,,,,,,,,,,,,,,,,,,,,,,,,,,,,,,,,,,,,,,,,,,,,,
141,福建省,宁德市,浙江省,台州市,宁德市台州市,347,劣势线路,省际,-,1,-,-,-,1,-,-,1,3.6 ,2.5 ,1.1 ,"2,536",宁德市-金华市-台州市,宁德市-温州市-台州市,1.3 ,50.8 ,-0.7 ,25.4 ,-0.4 ,5.0%,0.2%,96.8%,2.7%,T+2.3,0.0 ,T+1.0,0.0 ,8.9 ,-0.3 ,9.5 ,-0.7 ,7.2 ,-0.5 ,21.8 ,0.6 ,3.4 ,0.2 ,373,4.8 ,4.3 ,4.8 ,7.3 ,4.2 ,-91.8%,,,,,,,,,900,150,1,,,,,,,,,,,,,,,,,,,,,,,,,,,,,,,,,,,,,,,,,,,,,,,,,,,,,,,,,,,,,,,,,,,,,,,,,,,,,,,,,,,,,,,,,,,,,,,,,,,,,,,,,,,,,,,,,,,,,,,,,,,,,,,,,,,,,,,,,,,,,,,,,,,,,,,,,,,,,,,,,,,,,,,,,,,,,,,,,,,,,,,,,,,,,,
142,江西省,九江市,安徽省,蚌埠市,九江市蚌埠市,452,-,省际,1,1,持平,持平,2,1,落后,落后,1,4.3 ,3.3 ,1.0 ,682,九江市-鹰潭市-合肥市-蚌埠市,九江市-南昌市-合肥市-蚌埠市,1.1 ,47.8 ,-3.6 ,26.6 ,-0.2 ,1.8%,0.0%,93.5%,0.0%,T+2.1,-0.1 ,T+1.1,0.0 ,1.4 ,-0.3 ,16.0 ,-1.4 ,8.2 ,0.2 ,16.8 ,-1.3 ,5.5 ,-0.7 ,31,3.3 ,7.7 ,6.6 ,6.8 ,2.3 ,-91.7%,,,,,,,,,100,24,,,,,,,,,,,,,,,,,,,,,,,,,,,,,,,,,,,,,,,,,,,,,,,,,,,,,,,,,,,,,,,,,,,,,,,,,,,,,,,,,,,,,,,,,,,,,,,,,,,,,,,,,,,,,,,,,,,,,,,,,,,,,,,,,,,,,,,,,,,,,,,,,,,,,,,,,,,,,,,,,,,,,,,,,,,,,,,,,,,,,,,,,,,,,,,
143,山西省,晋城市,河南省,商丘市,晋城市商丘市,328,-,省际,2,1,落后,落后,2,2,持平,落后,1,4.1 ,3.9 ,0.2 ,"2,310",晋城市-太原市-郑州市-商丘市,晋城市-郑州市-商丘市,1.1 ,50.2 ,-2.1 ,26.6 ,-4.2 ,0.2%,0.0%,91.8%,5.7%,T+2.2,-0.1 ,T+1.1,-0.1 ,4.9 ,-0.2 ,14.5 ,-0.5 ,8.7 ,0.3 ,18.7 ,-1.7 ,3.5 ,0.0 ,49,6.3 ,2.8 ,3.7 ,10.8 ,2.8 ,-91.6%,,,,,,,,,200,106,,,,,,,,,,,,,,,,,,,,,,,,,,,,,,,,,,,,,,,,,,,,,,,,,,,,,,,,,,,,,,,,,,,,,,,,,,,,,,,,,,,,,,,,,,,,,,,,,,,,,,,,,,,,,,,,,,,,,,,,,,,,,,,,,,,,,,,,,,,,,,,,,,,,,,,,,,,,,,,,,,,,,,,,,,,,,,,,,,,,,,,,,,,,,,,
144,广东省,韶关市,福建省,漳州市,韶关市漳州市,601,-,省际,2,1,落后,落后,2,1,落后,落后,1,3.4 ,3.5 ,-0.1 ,620,韶关市-广州市-厦门市-漳州市,韶关市-广州市-河源市-漳州市,1.1 ,54.1 ,0.7 ,28.3 ,-1.0 ,1.1%,0.7%,92.7%,6.0%,T+2.2,0.0 ,T+1.1,0.0 ,5.0 ,0.9 ,10.8 ,-0.6 ,11.2 ,-1.1 ,19.3 ,-1.7 ,7.8 ,3.2 ,41,2.3 ,13.2 ,6.9 ,2.6 ,3.3 ,-91.6%,,,,,,,,,100,24,,,,,,,,,,,,,,,,,,,,,,,,,,,,,,,,,,,,,,,,,,,,,,,,,,,,,,,,,,,,,,,,,,,,,,,,,,,,,,,,,,,,,,,,,,,,,,,,,,,,,,,,,,,,,,,,,,,,,,,,,,,,,,,,,,,,,,,,,,,,,,,,,,,,,,,,,,,,,,,,,,,,,,,,,,,,,,,,,,,,,,,,,,,,,,,
145,山东省,济南市,河北省,秦皇岛市,济南市秦皇岛市,593,劣势线路,省际,2,1,落后,落后,2,1,落后,落后,1,4.3 ,2.0 ,2.3 ,"4,484",济南市-天津市-廊坊市-秦皇岛市,济南市-秦皇岛市,1.6 ,59.0 ,-0.6 ,26.5 ,-1.6 ,0.0%,0.0%,91.6%,7.5%,T+2.6,0.0 ,T+1.1,-0.1 ,0.7 ,-0.2 ,7.2 ,-0.7 ,21.3 ,0.5 ,20.7 ,-0.7 ,9.1 ,0.5 ,357,3.4 ,7.8 ,9.2 ,4.1 ,2.0 ,-91.6%,,,,,,,,,800,162,1,,,,,,,,,,,,,,,,,,,,,,,,,,,,,,,,,,,,,,,,,,,,,,,,,,,,,,,,,,,,,,,,,,,,,,,,,,,,,,,,,,,,,,,,,,,,,,,,,,,,,,,,,,,,,,,,,,,,,,,,,,,,,,,,,,,,,,,,,,,,,,,,,,,,,,,,,,,,,,,,,,,,,,,,,,,,,,,,,,,,,,,,,,,,,,
146,山东省,威海市,河北省,衡水市,威海市衡水市,713,-,省际,-,1,-,-,2,1,落后,落后,1,4.4 ,3.2 ,1.2 ,658,威海市-青岛市-石家庄市-衡水市,威海市-济南市-衡水市,1.7 ,64.8 ,-6.9 ,26.8 ,-2.4 ,2.9%,-0.2%,94.5%,9.8%,T+2.8,-0.3 ,T+1.1,-0.1 ,9.2 ,0.5 ,16.1 ,-2.7 ,11.0 ,0.0 ,22.1 ,-5.4 ,6.4 ,0.7 ,163,2.2 ,13.5 ,5.1 ,3.3 ,2.8 ,-91.6%,,,,,,,,,200,23,,,,,,,,,,,,,,,,,,,,,,,,,,,,,,,,,,,,,,,,,,,,,,,,,,,,,,,,,,,,,,,,,,,,,,,,,,,,,,,,,,,,,,,,,,,,,,,,,,,,,,,,,,,,,,,,,,,,,,,,,,,,,,,,,,,,,,,,,,,,,,,,,,,,,,,,,,,,,,,,,,,,,,,,,,,,,,,,,,,,,,,,,,,,,,,
147,福建省,莆田市,广东省,汕尾市,莆田市汕尾市,585,-,省际,2,1,落后,落后,2,1,落后,落后,1,3.6 ,3.3 ,0.3 ,408,莆田市-广州市-汕尾市,莆田市-揭阳市-汕尾市,1.3 ,56.3 ,1.9 ,27.3 ,-0.7 ,0.5%,0.2%,92.0%,9.5%,T+2.4,0.1 ,T+1.1,-0.1 ,4.5 ,-0.4 ,11.1 ,0.2 ,12.3 ,0.8 ,24.1 ,2.7 ,4.4 ,-1.4 ,112,2.4 ,7.4 ,6.5 ,8.5 ,2.6 ,-91.5%,,,,,,,,,300,15,,,,,,,,,,,,,,,,,,,,,,,,,,,,,,,,,,,,,,,,,,,,,,,,,,,,,,,,,,,,,,,,,,,,,,,,,,,,,,,,,,,,,,,,,,,,,,,,,,,,,,,,,,,,,,,,,,,,,,,,,,,,,,,,,,,,,,,,,,,,,,,,,,,,,,,,,,,,,,,,,,,,,,,,,,,,,,,,,,,,,,,,,,,,,,,
148,山东省,青岛市,江苏省,连云港市,青岛市连云港市,254,劣势线路,省际,2,1,落后,落后,2,1,落后,落后,1,3.7 ,3.1 ,0.6 ,"8,476",青岛市-徐州市-连云港市,青岛市-临沂市-连云港市,1.2 ,52.7 ,0.0 ,25.3 ,-1.4 ,1.3%,0.8%,92.8%,4.0%,T+2.2,0.0 ,T+1.1,-0.1 ,4.2 ,0.1 ,11.7 ,1.7 ,9.4 ,0.5 ,23.8 ,-2.6 ,3.7 ,0.3 ,"1,117",3.8 ,10.7 ,4.4 ,3.6 ,2.9 ,-91.5%,,,,,,,,,"2,100",305,1,,,,,,,,,,,,,,,,,,,,,,,,,,,,,,,,,,,,,,,,,,,,,,,,,,,,,,,,,,,,,,,,,,,,,,,,,,,,,,,,,,,,,,,,,,,,,,,,,,,,,,,,,,,,,,,,,,,,,,,,,,,,,,,,,,,,,,,,,,,,,,,,,,,,,,,,,,,,,,,,,,,,,,,,,,,,,,,,,,,,,,,,,,,,,,
149,广东省,珠海市,湖南省,郴州市,珠海市郴州市,496,-,省际,2,1,落后,落后,2,1,落后,落后,1,4.4 ,2.9 ,1.5 ,"2,590",珠海市-广州市-长沙市-郴州市,珠海市-广州市-郴州市,1.1 ,48.1 ,-1.5 ,23.4 ,-6.6 ,0.1%,0.1%,91.6%,29.0%,T+2.2,-0.1 ,T+1.1,-0.3 ,0.9 ,-0.1 ,12.4 ,-2.7 ,8.6 ,0.9 ,19.6 ,0.0 ,6.7 ,0.4 ,83,2.7 ,7.8 ,5.6 ,5.2 ,2.2 ,-91.5%,,,,,,,,,200,95,,,,,,,,,,,,,,,,,,,,,,,,,,,,,,,,,,,,,,,,,,,,,,,,,,,,,,,,,,,,,,,,,,,,,,,,,,,,,,,,,,,,,,,,,,,,,,,,,,,,,,,,,,,,,,,,,,,,,,,,,,,,,,,,,,,,,,,,,,,,,,,,,,,,,,,,,,,,,,,,,,,,,,,,,,,,,,,,,,,,,,,,,,,,,,,
150,福建省,厦门市,广东省,河源市,厦门市河源市,520,-,省际,2,1,落后,落后,2,1,落后,落后,1,3.5 ,2.9 ,0.6 ,432,厦门市-广州市-河源市,厦门市-惠州市-河源市,1.1 ,48.6 ,1.1 ,24.8 ,-2.4 ,1.2%,-0.2%,92.7%,12.7%,T+2.1,0.0 ,T+1.1,-0.1 ,2.8 ,-0.1 ,8.3 ,-0.7 ,10.3 ,0.9 ,23.0 ,0.7 ,4.2 ,0.3 ,82,3.9 ,4.5 ,8.0 ,6.6 ,1.9 ,-91.5%,,,,,,,,,200,17,,,,,,,,,,,,,,,,,,,,,,,,,,,,,,,,,,,,,,,,,,,,,,,,,,,,,,,,,,,,,,,,,,,,,,,,,,,,,,,,,,,,,,,,,,,,,,,,,,,,,,,,,,,,,,,,,,,,,,,,,,,,,,,,,,,,,,,,,,,,,,,,,,,,,,,,,,,,,,,,,,,,,,,,,,,,,,,,,,,,,,,,,,,,,,,
